Player,Tm,FantPos,G,GS,Cmp,Att,Yds,TD,Int,Att,Yds,Y/A,TD,Tgt,Rec,Yds,Y/R,TD,Fmb,FL,TD,FantPt,PPR,VBD,PosRank,OvRank
Todd Gurley*+\GurlTo01,LAR,RB,14,14,0,0,0,0,0,256,1251,4.89,17,81,59,580,9.83,4,1,1,21,313,372.1,178,1,1
Saquon Barkley*\BarkSa00,NYG,RB,16,16,0,0,0,0,0,261,1307,5.01,11,121,91,721,7.92,4,0,0,15,295,385.8,159,2,2
Christian McCaffrey\McCaCh01,CAR,RB,16,16,1,1,50,1,0,219,1098,5.01,7,124,107,867,8.1,6,4,1,13,279,385.5,143,3,3
Alvin Kamara*\KamaAl00,NOR,RB,15,13,0,0,0,0,0,194,883,4.55,14,105,81,709,8.75,4,1,0,18,273,354.2,138,4,4
Patrick Mahomes*+\MahoPa00,KAN,QB,16,16,383,580,5097,50,12,60,272,4.53,2,0,0,0,,0,9,2,2,417,417.1,134,1,5
Tyreek Hill*+\HillTy00,KAN,WR,16,16,0,0,0,0,0,22,151,6.86,1,137,87,1479,17,12,0,0,14,247,334,131,1,6
Ezekiel Elliott*\ElliEz00,DAL,RB,15,15,0,0,0,0,0,304,1434,4.72,6,95,77,567,7.36,3,6,1,9,252,329.1,117,5,7
Travis Kelce*+\KelcTr00,KAN,TE,16,16,0,0,0,0,0,0,0,,0,150,103,1336,12.97,10,2,1,10,192,294.6,109,1,8
Antonio Brown*\BrowAn04,PIT,WR,15,15,0,1,0,0,0,0,0,,0,168,104,1297,12.47,15,0,0,15,220,323.7,103,2,9
Davante Adams*\AdamDa01,GNB,WR,15,15,0,0,0,0,0,0,0,,0,169,111,1386,12.49,13,0,0,13,219,329.6,102,3,10
DeAndre Hopkins*+\HopkDe00,HOU,WR,16,16,0,1,0,0,0,1,-7,-7,0,163,115,1572,13.67,11,2,2,11,219,333.5,102,4,11
Julio Jones*\JoneJu02,ATL,WR,16,16,0,0,0,0,0,2,12,6,0,170,113,1677,14.84,8,2,2,8,213,325.9,97,5,12
Melvin Gordon*\GordMe00,LAC,RB,12,12,0,0,0,0,0,175,885,5.06,10,66,50,490,9.8,4,1,0,14,226,275.5,90,6,13
James Conner*\ConnJa00,PIT,RB,13,12,0,0,0,0,0,215,973,4.53,12,71,55,497,9.04,1,4,2,13,225,280,90,7,14
George Kittle*\KittGe00,SFO,TE,16,16,0,0,0,0,0,1,10,10,0,136,88,1377,15.65,5,0,0,5,171,258.7,88,2,15
Mike Evans*\EvanMi00,TAM,WR,16,16,0,0,0,0,0,0,0,,0,138,86,1524,17.72,8,2,1,9,198,284.4,82,6,16
Zach Ertz*\ErtzZa00,PHI,TE,16,16,0,0,0,0,0,0,0,,0,156,116,1163,10.03,8,1,0,8,164,280.3,81,3,17
Adam Thielen*\ThieAd00,MIN,WR,16,16,0,0,0,0,0,5,30,6,0,153,113,1373,12.15,9,1,1,9,194,307.3,78,7,18
Michael Thomas*+\ThomMi05,NOR,WR,16,16,0,0,0,0,0,0,0,,0,147,125,1405,11.24,9,2,2,9,191,315.5,74,8,19
Eric Ebron*\EbroEr00,IND,TE,16,8,0,1,0,0,0,3,-8,-2.67,1,110,66,750,11.36,13,1,1,14,156,222.2,73,4,20
Matt Ryan\RyanMa00,ATL,QB,16,16,422,608,4924,35,7,33,125,3.79,3,1,1,5,5,1,10,5,4,354,355,71,2,21
JuJu Smith-Schuster*\SmitJu00,PIT,WR,16,13,0,0,0,0,0,1,13,13,0,166,111,1426,12.85,7,1,1,7,186,296.9,70,9,22
Kareem Hunt\HuntKa00,KAN,RB,11,11,0,0,0,0,0,181,824,4.55,7,35,26,378,14.54,7,0,0,14,204,230.2,69,8,23
Joe Mixon\MixoJo00,CIN,RB,14,13,0,0,0,0,0,237,1168,4.93,8,55,43,296,6.88,1,0,0,9,200,243.4,65,9,24
Robert Woods\WoodRo02,LAR,WR,16,16,0,0,0,0,0,19,157,8.26,1,130,86,1219,14.17,6,0,0,7,180,265.6,63,10,25
David Johnson\JohnDa08,ARI,RB,16,16,0,0,0,0,0,258,940,3.64,7,76,50,446,8.92,3,3,2,10,197,246.6,61,10,26
Ben Roethlisberger\RoetBe00,PIT,QB,16,16,452,675,5129,34,16,31,98,3.16,3,1,1,-1,-1,0,7,2,3,341,341.9,58,3,27
James White\WhitJa02,NWE,RB,16,3,0,0,0,0,0,94,425,4.52,5,123,87,751,8.63,7,0,0,12,190,276.6,54,11,28
Phillip Lindsay*\LindPh00,DEN,RB,15,8,0,0,0,0,0,192,1037,5.4,9,47,35,241,6.89,1,0,0,10,188,222.8,52,12,29
Derrick Henry\HenrDe00,TEN,RB,16,12,2,3,14,0,0,215,1059,4.93,12,18,15,99,6.6,0,1,1,12,186,201.4,51,13,30
Deshaun Watson*\WatsDe00,HOU,QB,16,16,345,505,4165,26,9,99,551,5.57,5,0,0,0,,0,9,3,5,332,331.7,49,4,31
Tyler Lockett\LockTy00,SEA,WR,16,14,0,0,0,0,0,13,69,5.31,0,70,57,965,16.93,10,2,0,10,165,222.4,49,11,32
Stefon Diggs\DiggSt00,MIN,WR,15,14,0,0,0,0,0,10,62,6.2,0,149,102,1021,10.01,9,0,0,9,164,266.3,48,12,33
Brandin Cooks\CookBr00,LAR,WR,16,16,0,0,0,0,0,10,68,6.8,1,117,80,1204,15.05,5,1,0,6,163,243.2,47,13,34
Keenan Allen*\AlleKe00,LAC,WR,16,14,0,0,0,0,0,9,75,8.33,0,136,97,1196,12.33,6,3,1,6,163,260.1,47,14,35
T.Y. Hilton\HiltT.00,IND,WR,14,14,0,0,0,0,0,0,0,,0,120,76,1270,16.71,6,0,0,6,163,239,47,15,36
Chris Carson\CarsCh00,SEA,RB,14,14,0,0,0,0,0,247,1151,4.66,9,24,20,163,8.15,0,3,2,9,181,201.4,46,14,37
Andrew Luck*\LuckAn00,IND,QB,16,16,430,639,4593,39,15,46,148,3.22,0,2,1,4,4,0,6,1,0,327,327.9,44,5,38
Jared Cook*\CookJa02,OAK,TE,16,14,0,0,0,0,0,0,0,,0,101,68,896,13.18,6,0,0,6,126,193.6,43,5,39
Nick Chubb\ChubNi00,CLE,RB,16,9,0,0,0,0,0,192,996,5.19,8,29,20,149,7.45,2,0,0,10,175,194.5,39,15,40
Odell Beckham\BeckOd00,NYG,WR,12,12,2,2,106,2,0,5,19,3.8,0,124,77,1052,13.66,6,2,1,6,153,230.3,37,16,41
Adrian Peterson\PeteAd01,WAS,RB,16,16,0,0,0,0,0,251,1042,4.15,7,26,20,208,10.4,1,3,2,8,169,189,34,16,42
Aaron Rodgers*\RodgAa00,GNB,QB,16,16,372,597,4442,25,2,43,269,6.26,2,0,0,0,,0,6,3,2,313,312.6,30,6,43
Tyler Boyd\BoydTy00,CIN,WR,14,14,0,1,0,0,0,2,3,1.5,0,108,76,1028,13.53,7,0,0,7,145,221.1,29,17,44
Jared Goff*\GoffJa00,LAR,QB,16,16,364,561,4688,32,12,43,108,2.51,2,0,0,0,,0,12,5,3,310,310.3,28,7,45
Tarik Cohen*+\CoheTa00,CHI,RB,16,7,1,1,1,1,0,99,444,4.48,3,91,71,725,10.21,5,7,3,8,163,233.9,27,17,46
Calvin Ridley\RidlCa00,ATL,WR,16,5,0,0,0,0,0,6,27,4.5,0,92,64,821,12.83,10,2,1,10,143,206.8,26,18,47
Tevin Coleman\ColeTe01,ATL,RB,16,14,0,0,0,0,0,167,800,4.79,4,44,32,276,8.63,5,2,0,9,162,193.6,26,18,48
Marlon Mack\MackMa00,IND,RB,12,10,0,0,0,0,0,195,908,4.66,9,26,17,103,6.06,1,2,2,10,161,178.1,26,19,49
Jordan Howard\HowaJo00,CHI,RB,16,15,0,0,0,0,0,250,935,3.74,9,26,20,145,7.25,0,2,1,9,160,180,25,20,50
Amari Cooper*\CoopAm00,2TM,WR,15,15,0,0,0,0,0,2,20,10,0,107,75,1005,13.4,7,2,2,7,141,215.5,24,19,51
Drew Brees*\BreeDr00,NOR,QB,15,15,364,489,3992,32,5,31,22,0.71,4,1,1,1,1,0,5,1,4,304,305,21,8,52
Mike Williams\WillMi07,LAC,WR,16,5,0,0,0,0,0,7,28,4,1,66,43,664,15.44,10,0,0,11,137,180.2,21,20,53
Kenny Golladay\GollKe00,DET,WR,15,13,0,0,0,0,0,1,8,8,0,119,70,1063,15.19,5,1,0,5,137,207.1,21,21,54
Jarvis Landry*\LandJa00,CLE,WR,16,14,1,2,63,0,0,3,60,20,1,149,81,976,12.05,4,1,1,5,136,217.1,20,22,55
Kenyan Drake\DrakKe00,MIA,RB,16,7,0,0,0,0,0,120,535,4.46,4,73,53,477,9,5,2,1,9,153,206.2,18,21,56
Julian Edelman\EdelJu00,NWE,WR,12,12,2,2,43,0,0,9,107,11.89,0,108,74,850,11.49,6,1,0,6,133,207.4,17,23,57
Russell Wilson*\WilsRu00,SEA,QB,16,16,280,427,3448,35,7,67,376,5.61,0,1,1,-11,-11,0,10,2,0,298,299.4,16,9,58
Lamar Miller*\MillLa01,HOU,RB,14,14,0,0,0,0,0,210,973,4.63,5,35,25,163,6.52,1,1,1,6,148,172.6,12,22,59
Emmanuel Sanders\SandEm00,DEN,WR,12,12,1,1,28,1,0,4,53,13.25,1,98,71,868,12.23,4,1,0,5,127,198.2,11,24,60
Trey Burton\BurtTr01,CHI,TE,16,16,0,0,0,0,0,1,2,2,0,76,54,569,10.54,6,1,1,6,93,147.1,10,6,61
Aaron Jones\JoneAa00,GNB,RB,12,8,0,0,0,0,0,133,728,5.47,8,35,26,206,7.92,1,1,1,9,145,171.4,10,23,62
Chris Godwin\GodwCh00,TAM,WR,16,5,0,0,0,0,0,0,0,,0,95,59,842,14.27,7,4,1,7,126,185.2,10,25,63
Austin Hooper*\HoopAu00,ATL,TE,16,7,0,0,0,0,0,0,0,,0,88,71,660,9.3,4,0,0,4,92,163,9,7,64
David Njoku\NjokDa00,CLE,TE,16,14,0,0,0,0,0,0,0,,0,88,56,639,11.41,4,0,0,4,88,143.9,5,8,65
Kyle Rudolph\RudoKy00,MIN,TE,16,16,0,0,0,0,0,0,0,,0,82,64,634,9.91,4,0,0,4,87,151.4,4,9,66
Alshon Jeffery\JeffAl00,PHI,WR,13,13,0,0,0,0,0,0,0,,0,92,65,843,12.97,6,1,0,6,120,185.3,4,26,67
O.J. Howard\HowaO.00,TAM,TE,10,8,0,0,0,0,0,0,0,,0,48,34,565,16.62,5,0,0,5,87,120.5,4,10,68
Dak Prescott*\PresDa01,DAL,QB,16,16,356,526,3885,22,8,75,305,4.07,6,1,0,0,,0,12,6,6,286,285.9,3,10,69
Philip Rivers*\RivePh00,LAC,QB,16,16,347,508,4308,32,12,18,7,0.39,0,0,0,0,,0,2,1,0,285,285,2,11,70
Corey Davis\DaviCo03,TEN,WR,16,16,0,0,0,0,0,6,55,9.17,0,112,65,891,13.71,4,1,0,4,119,183.6,2,27,71
Rob Gronkowski\GronRo00,NWE,TE,13,11,0,0,0,0,0,0,0,,0,72,47,682,14.51,3,1,1,3,84,131.2,1,11,72
Larry Fitzgerald\FitzLa00,ARI,WR,16,16,1,1,32,1,0,0,0,,0,112,69,734,10.64,6,0,0,6,117,185.7,,28,73
Sterling Shepard\ShepSt00,NYG,WR,16,16,0,0,0,0,0,3,33,11,0,107,66,872,13.21,4,1,0,4,117,182.5,,29,74
Mohamed Sanu\SanuMo00,ATL,WR,16,16,1,2,5,1,0,7,44,6.29,0,94,66,838,12.7,4,2,1,4,116,182.4,,30,75
Matt Breida\BreiMa00,SFO,RB,14,13,0,0,0,0,0,153,814,5.32,3,31,27,261,9.67,2,1,1,5,136,162.5,,24,76
Shane Smith\SmitSh02,NYG,,2,0,0,0,0,0,0,0,0,,0,0,0,0,,0,0,0,0,,,,1,77
Vance McDonald\McDoVa00,PIT,TE,15,14,0,0,0,0,0,0,0,,0,72,50,610,12.2,4,2,1,4,83,133,,12,78
Cam Newton\NewtCa00,CAR,QB,14,14,320,471,3395,24,13,101,488,4.83,4,0,0,0,,0,6,0,4,283,282.6,,12,
Kirk Cousins\CousKi00,MIN,QB,16,16,425,606,4298,30,10,44,123,2.8,1,1,1,-1,-1,0,9,7,1,282,283.1,,13,
Tom Brady*\BradTo00,NWE,QB,16,16,375,570,4355,29,11,23,35,1.52,2,1,1,6,6,0,4,2,2,280,281.3,,14,
Mitchell Trubisky*\TrubMi00,CHI,QB,14,14,289,434,3223,24,12,68,421,6.19,3,0,0,0,,0,6,3,3,263,263,,15,
Eli Manning\MannEl00,NYG,QB,16,16,380,576,4299,21,11,15,20,1.33,1,0,0,0,,0,7,4,1,240,240,,17,
Baker Mayfield\MayfBa00,CLE,QB,14,13,310,486,3725,27,14,39,131,3.36,0,1,0,0,,0,7,3,0,240,240.1,,16,
Derek Carr\CarrDe02,OAK,QB,16,16,381,553,4049,19,10,24,47,1.96,1,1,1,-9,-9,0,12,7,1,216,216.8,,18,
Case Keenum\KeenCa00,DEN,QB,16,16,365,586,3890,18,15,26,93,3.58,2,0,0,0,,0,11,2,2,215,214.9,,19,
Matthew Stafford\StafMa00,DET,QB,16,16,367,555,3777,21,11,25,71,2.84,0,0,0,0,,0,6,4,0,212,212.2,,20,
Josh Allen\AlleJo02,BUF,QB,12,11,169,320,2074,10,12,89,631,7.09,8,1,0,0,,0,8,2,8,208,208.1,,21,
Jameis Winston\WinsJa00,TAM,QB,11,9,244,378,2992,19,14,49,281,5.73,1,0,0,0,,0,7,3,1,196,195.8,,22,
Carson Wentz\WentCa00,PHI,QB,11,11,279,401,3074,21,7,34,93,2.74,0,1,1,4,4,0,9,6,0,193,193.7,,23,
Andy Dalton\DaltAn00,CIN,QB,11,11,226,365,2566,21,11,16,99,6.19,0,0,0,0,,0,1,0,0,175,174.5,,25,
Marcus Mariota\MariMa01,TEN,QB,14,13,228,331,2528,11,8,64,357,5.58,2,1,1,21,21,0,9,2,2,175,175.9,,24,
Blake Bortles\BortBl00,JAX,QB,13,12,243,403,2718,13,11,58,365,6.29,1,0,0,0,,0,8,4,1,173,173.2,,26,
Sam Darnold\DarnSa00,NYJ,QB,13,13,239,414,2865,17,15,44,138,3.14,1,0,0,0,,0,5,2,1,168,168.4,,27,
Ryan Fitzpatrick\FitzRy00,TAM,QB,8,7,164,246,2366,17,12,36,152,4.22,2,0,0,0,,0,4,1,2,166,165.8,,28,
Lamar Jackson\JackLa00,BAL,QB,16,7,99,170,1201,6,3,147,695,4.73,5,2,0,0,,0,12,4,5,158,157.5,,29,
Ryan Tannehill\TannRy00,MIA,QB,11,11,176,274,1979,17,9,32,145,4.53,0,1,1,3,3,1,5,4,1,142,143,,30,
Alex Smith\SmitAl03,WAS,QB,10,10,205,328,2180,10,5,41,168,4.1,1,0,0,0,,0,6,1,1,138,138,,31,
Joe Flacco\FlacJo00,BAL,QB,9,9,232,379,2465,12,6,19,45,2.37,0,0,0,0,,0,3,1,0,137,137.1,,32,
Sony Michel\MichSo00,NWE,RB,13,8,0,0,0,0,0,209,931,4.45,6,11,7,50,7.14,0,1,1,6,132,139.1,,25,
Peyton Barber\BarbPe01,TAM,RB,16,16,0,0,0,0,0,234,871,3.72,5,29,20,92,4.6,1,1,1,6,130,150.3,,26,
Austin Ekeler\EkelAu00,LAC,RB,14,3,0,0,0,0,0,106,554,5.23,3,53,39,404,10.36,3,1,1,6,130,168.8,,27,
Nick Mullens\MullNi00,SFO,QB,8,8,176,274,2277,13,10,18,-16,-0.89,0,0,0,0,,0,2,0,0,123,123.5,,33,
Mark Ingram\IngrMa01,NOR,RB,12,6,0,0,0,0,0,138,645,4.67,6,27,21,170,8.1,1,3,1,7,122,142.5,,28,
Isaiah Crowell\CrowIs00,NYJ,RB,13,6,0,0,0,0,0,143,685,4.79,6,28,21,152,7.24,0,0,0,6,120,140.7,,29,
T.J. Yeldon\YeldT.00,JAX,RB,14,5,0,0,0,0,0,104,414,3.98,1,78,55,487,8.85,4,1,1,5,118,173.1,,30,
Dede Westbrook\WestDe00,JAX,WR,16,9,0,1,0,0,0,9,98,10.89,0,101,66,717,10.86,5,3,2,6,114,179.5,,31,
Adam Humphries\HumpAd00,TAM,WR,16,10,0,0,0,0,0,2,11,5.5,0,105,76,816,10.74,5,2,0,5,113,188.7,,32,
Josh Rosen\RoseJo01,ARI,QB,14,13,217,393,2278,11,14,23,138,6,0,0,0,0,,0,10,5,0,113,112.9,,34,
Dalvin Cook\CookDa01,MIN,RB,11,10,0,0,0,0,0,133,615,4.62,2,49,40,305,7.63,2,2,2,4,112,152,,31,
DeSean Jackson\JackDe00,TAM,WR,12,10,0,0,0,0,0,6,29,4.83,1,74,41,774,18.88,4,0,0,5,110,151.3,,33,
Latavius Murray\MurrLa00,MIN,RB,16,6,0,0,0,0,0,140,578,4.13,6,26,22,141,6.41,0,0,0,6,110,131.9,,32,
Zay Jones\JoneZa00,BUF,WR,16,15,0,1,0,0,0,1,0,0,0,102,56,652,11.64,7,1,0,7,109,165.2,,34,
Golden Tate\TateGo00,2TM,WR,15,8,0,0,0,0,0,4,34,8.5,0,113,74,795,10.74,4,3,0,4,109,182.9,,35,
Kerryon Johnson\JohnKe06,DET,RB,10,7,0,0,0,0,0,118,641,5.43,3,39,32,213,6.66,1,1,1,4,107,139.4,,33,
Robby Anderson\AndeRo04,NYJ,WR,14,9,0,0,0,0,0,2,-8,-4,0,94,50,752,15.04,6,2,2,6,106,156.4,,36,
Mike Davis\DaviMi01,SEA,RB,15,2,0,0,0,0,0,112,514,4.59,4,42,34,214,6.29,1,0,0,5,103,136.8,,34,
A.J. Green\GreeA.00,CIN,WR,9,9,0,0,0,0,0,0,0,,0,77,46,694,15.09,6,2,1,6,103,149.4,,37,
John Brown\BrowJo02,BAL,WR,16,15,0,0,0,0,0,3,4,1.33,0,97,42,715,17.02,5,0,0,5,102,143.9,,39,
Dion Lewis\LewiDi00,TEN,RB,16,7,0,0,0,0,0,155,517,3.34,1,67,59,400,6.78,1,1,1,2,102,160.7,,36,
Doug Martin\MartDo00,OAK,RB,16,9,0,0,0,0,0,172,723,4.2,4,24,18,116,6.44,0,3,3,4,102,119.9,,35,
D.J. Moore\MoorD.00,CAR,WR,16,10,0,0,0,0,0,13,172,13.23,0,82,55,788,14.33,2,4,3,2,102,157,,38,
Nelson Agholor\AghoNe00,PHI,WR,16,16,1,1,15,0,0,3,32,10.67,0,97,64,736,11.5,4,1,0,4,101,165.4,,40,
Leonard Fournette\FourLe00,JAX,RB,8,8,0,0,0,0,0,133,439,3.3,5,26,22,185,8.41,1,0,0,6,98,120.4,,37,
Josh Gordon\GordJo02,2TM,WR,12,12,0,0,0,0,0,0,0,,0,71,41,737,17.98,4,0,0,4,98,138.7,,44,
Nyheim Hines\HineNy00,IND,RB,16,4,0,0,0,0,0,85,314,3.69,2,81,63,425,6.75,2,1,0,4,98,160.9,,38,
Allen Robinson\RobiAl02,CHI,WR,13,12,0,0,0,0,0,1,9,9,0,94,55,754,13.71,4,1,1,4,98,153.3,,41,
Curtis Samuel\SamuCu00,CAR,WR,13,8,0,0,0,0,0,8,84,10.5,2,65,39,494,12.67,5,1,1,7,98,136.8,,42,
Demaryius Thomas\ThomDe03,2TM,WR,15,15,0,0,0,0,0,0,0,,0,89,59,677,11.47,5,0,0,5,98,156.7,,43,
Kenny Stills\StilKe00,MIA,WR,15,15,1,1,3,1,0,0,0,,0,64,37,553,14.95,6,1,0,6,97,134.4,,45,
Tyrell Williams\WillTy00,LAC,WR,16,10,0,0,0,0,0,2,15,7.5,0,65,41,653,15.93,5,2,0,5,97,137.8,,46,
Cooper Kupp\KuppCo00,LAR,WR,8,8,0,0,0,0,0,4,25,6.25,0,55,40,566,14.15,6,0,0,6,95,135.1,,47,
Alex Collins\CollAl00,BAL,RB,10,10,0,0,0,0,0,114,411,3.61,7,21,15,105,7,1,3,3,8,94,108.6,,39,
Jordy Nelson\NelsJo00,OAK,WR,15,14,0,0,0,0,0,1,-2,-2,0,88,63,739,11.73,3,1,0,3,94,156.7,,49,
Courtland Sutton\SuttCo00,DEN,WR,16,9,0,0,0,0,0,1,-1,-1,0,84,42,704,16.76,4,0,0,4,94,136.3,,48,
LeSean McCoy\McCoLe01,BUF,RB,14,13,0,0,0,0,0,161,514,3.19,3,46,34,238,7,0,0,0,3,93,127.2,,40,
Doug Baldwin\BaldDo00,SEA,WR,13,13,0,0,0,0,0,0,0,,0,73,50,618,12.36,5,0,0,5,92,141.8,,50,
Frank Gore\GoreFr00,MIA,RB,14,14,0,0,0,0,0,156,722,4.63,0,16,12,124,10.33,1,1,0,1,91,102.6,,41,
Antonio Callaway\CallAn00,CLE,WR,16,11,0,0,0,0,0,2,7,3.5,0,79,43,586,13.63,5,1,1,5,89,132.3,,51,
Jalen Richard\RichJa01,OAK,RB,16,1,0,0,0,0,0,55,259,4.71,1,81,68,607,8.93,0,3,2,1,89,156.6,,43,
Wendell Smallwood\SmalWe00,PHI,RB,16,6,0,0,0,0,0,87,364,4.18,3,35,28,230,8.21,2,2,1,5,89,117.4,,42,
Gus Edwards\EdwaGu00,BAL,RB,11,6,0,0,0,0,0,137,718,5.24,2,2,2,20,10,0,0,0,2,88,89.8,,45,
Carlos Hyde\HydeCa00,2TM,RB,14,7,0,0,0,0,0,172,571,3.32,5,16,10,33,3.3,0,2,1,5,88,98.4,,44,
Royce Freeman\FreeRo00,DEN,RB,14,8,0,0,0,0,0,130,521,4.01,5,20,14,72,5.14,0,1,1,5,87,101.3,,47,
Anthony Miller\MillAn02,CHI,WR,15,4,1,1,8,0,0,6,26,4.33,0,54,33,423,12.82,7,1,0,7,87,120.2,,52,
Jamaal Williams\WillJa06,GNB,RB,16,8,0,0,0,0,0,121,464,3.83,3,41,27,210,7.78,0,0,0,3,87,114.4,,46,
Cole Beasley\BeasCo00,DAL,WR,16,4,0,1,0,0,0,0,0,,0,87,65,672,10.34,3,0,0,3,85,150.2,,53,
Jeff Driskel\DrisJe00,CIN,QB,9,5,105,176,1003,6,2,25,130,5.2,2,0,0,0,,0,4,1,2,85,85.1,,35,
Taylor Gabriel\GabrTa00,CHI,WR,16,11,0,0,0,0,0,9,61,6.78,0,93,67,688,10.27,2,1,1,2,85,151.9,,54,
Duke Johnson\JohnDu00,CLE,RB,16,2,0,0,0,0,0,40,201,5.03,0,62,47,429,9.13,3,1,0,3,85,132,,48,
Donte Moncrief\MoncDo00,JAX,WR,16,14,0,0,0,0,0,0,0,,0,89,48,668,13.92,3,1,1,3,83,130.8,,55,
Evan Engram\EngrEv00,NYG,TE,11,8,0,0,0,0,0,3,36,12,0,64,45,577,12.82,3,0,0,3,81,126.3,,13,
Marvin Jones\JoneMa02,DET,WR,9,9,0,0,0,0,0,0,0,,0,62,35,508,14.51,5,0,0,5,81,115.8,,56,
Christian Kirk\KirkCh01,ARI,WR,12,7,0,0,0,0,0,3,35,11.67,0,68,43,590,13.72,3,0,0,3,81,123.5,,57,
Michael Crabtree\CrabMi00,BAL,WR,16,16,0,0,0,0,0,0,0,,0,100,54,607,11.24,3,0,0,3,79,132.7,,60,
Devin Funchess\FuncDe00,CAR,WR,14,12,0,0,0,0,0,0,0,,0,79,44,549,12.48,4,0,0,4,79,122.9,,59,
Rashard Higgins\HiggRa00,CLE,WR,13,1,0,0,0,0,0,0,0,,0,53,39,572,14.67,4,2,1,4,79,118.2,,58,
LeGarrette Blount\BlouLe00,DET,RB,16,8,0,0,0,0,0,154,418,2.71,5,15,10,67,6.7,0,2,1,5,77,86.5,,50,
Alfred Blue\BlueAl00,HOU,RB,16,2,0,0,0,0,0,150,499,3.33,2,27,20,154,7.7,0,0,0,2,77,97.3,,49,
Dante Pettis\PettDa00,SFO,WR,12,7,0,0,0,0,0,1,-2,-2,0,45,27,467,17.3,5,2,0,5,77,103.5,,61,
Jimmy Graham\GrahJi00,GNB,TE,16,12,0,0,0,0,0,0,0,,0,89,55,636,11.56,2,0,0,2,76,130.6,,14,
Cordarrelle Patterson\PattCo00,NWE,WR,15,5,0,0,0,0,0,42,228,5.43,1,28,21,247,11.76,3,1,1,5,76,96.5,,62,
Damien Williams\WillDa05,KAN,RB,16,3,0,0,0,0,0,50,256,5.12,4,24,23,160,6.96,2,1,1,6,76,98.6,,51,
Josh Adams\AdamJo03,PHI,RB,14,5,0,0,0,0,0,120,511,4.26,3,13,7,58,8.29,0,1,1,3,75,81.9,,52,
C.J. Beathard\BeatC.00,SFO,QB,6,5,102,169,1252,8,7,19,69,3.63,1,0,0,0,,0,5,3,1,75,75,,37,
Nick Foles\FoleNi00,PHI,QB,5,5,141,195,1413,7,4,9,17,1.89,0,1,1,10,10,0,4,2,0,75,76.2,,36,
David Moore\MoorDa03,SEA,WR,16,7,0,0,0,0,0,1,5,5,0,53,26,445,17.12,5,2,0,5,75,101,,64,
Sammy Watkins\WatkSa00,KAN,WR,10,9,0,0,0,0,0,5,52,10.4,0,55,40,519,12.98,3,1,0,3,75,115.1,,63,
Will Fuller\FullWi01,HOU,WR,7,7,0,0,0,0,0,0,0,,0,45,32,503,15.72,4,0,0,4,74,106.3,,65,
Chris Herndon\HernCh00,NYJ,TE,16,12,0,0,0,0,0,0,0,,0,56,39,502,12.87,4,2,0,4,74,113.2,,15,
Mark Andrews\AndrMa00,BAL,TE,16,3,0,0,0,0,0,0,0,,0,50,34,552,16.24,3,0,0,3,73,107.2,,16,
Kendrick Bourne\BourKe00,SFO,WR,16,8,0,0,0,0,0,0,0,,0,66,42,487,11.6,4,1,0,4,73,114.7,,68,
Tre'Quan Smith\SmitTr03,NOR,WR,15,7,0,0,0,0,0,0,0,,0,44,28,427,15.25,5,0,0,5,73,100.7,,67,
Marquez Valdes-Scantling\ValdMa00,GNB,WR,16,10,0,0,0,0,0,2,29,14.5,0,73,38,581,15.29,2,0,0,2,73,111,,66,
Robert Foster\FostRo01,BUF,WR,13,3,0,0,0,0,0,0,0,,0,44,27,541,20.04,3,0,0,3,72,99.1,,70,
Willie Snead\SneaWi00,BAL,WR,16,10,0,0,0,0,0,1,13,13,0,95,62,651,10.5,1,0,0,1,72,134.4,,69,
Chris Hogan\HogaCh00,NWE,WR,16,7,0,0,0,0,0,0,0,,0,55,35,532,15.2,3,0,0,3,71,106.2,,71,
Josh Reynolds\ReynJo00,LAR,WR,16,8,0,0,0,0,0,2,8,4,0,53,29,402,13.86,5,0,0,5,71,100,,72,
Ito Smith\SmitIt00,ATL,RB,14,0,0,0,0,0,0,90,315,3.5,4,32,27,152,5.63,0,1,0,4,71,97.7,,53,
Albert Wilson\WilsAl02,MIA,WR,7,3,1,1,52,1,0,8,16,2,0,35,26,391,15.04,4,0,0,4,71,96.8,,73,
Danny Amendola\AmenDa00,MIA,WR,15,15,1,1,28,1,0,1,-2,-2,0,79,59,575,9.75,1,2,0,1,68,127.4,,74,
Brock Osweiler\OsweBr00,MIA,QB,7,5,113,178,1247,6,4,8,21,2.63,0,0,0,0,,0,1,1,0,68,68,,38,
Elijah McGuire\McGuEl00,NYJ,RB,8,3,0,0,0,0,0,92,276,3,3,31,19,193,10.16,1,2,2,4,67,85.9,,54,
Jordan Reed\ReedJo02,WAS,TE,13,8,0,0,0,0,0,0,0,,0,84,54,558,10.33,2,1,1,2,66,119.8,,17,
Josh Doctson\DoctJo00,WAS,WR,15,12,0,0,0,0,0,0,0,,0,78,44,532,12.09,2,0,0,2,65,109.2,,75,
Michael Gallup\GallMi00,DAL,WR,16,8,0,0,0,0,0,0,0,,0,68,33,507,15.36,2,0,0,2,65,97.7,,76,
Chris Ivory\IvorCh00,BUF,RB,13,1,0,0,0,0,0,115,385,3.35,1,21,13,205,15.77,0,1,0,1,65,78,,55,
Marquise Goodwin\GoodMa00,SFO,WR,11,8,0,0,0,0,0,4,9,2.25,0,43,23,395,17.17,4,1,0,4,64,87.4,,77,
Marshawn Lynch\LyncMa00,OAK,RB,6,6,0,0,0,0,0,90,376,4.18,3,20,15,84,5.6,0,0,0,3,64,79,,56,
Chester Rogers\RogeCh02,IND,WR,16,10,0,0,0,0,0,1,-4,-4,0,72,53,485,9.15,2,1,0,2,64,117.1,,78,
John Ross\RossJo00,CIN,WR,13,10,0,0,0,0,0,4,9,2.25,0,58,21,210,10,7,0,0,7,64,84.9,,79,
Jaylen Samuels\SamuJa00,PIT,RB,14,3,0,0,0,0,0,56,256,4.57,0,29,26,199,7.65,3,1,0,3,64,89.5,,57,
Cameron Brate\BratCa00,TAM,TE,16,2,0,0,0,0,0,0,0,,0,49,30,289,9.63,6,1,1,6,63,92.9,,18,
C.J. Anderson\AndeC.00,2TM,RB,11,3,0,0,0,0,0,67,403,6.01,2,9,5,41,8.2,1,0,0,3,62,67.4,,58,
Seth Roberts\RobeSe00,OAK,WR,15,7,0,0,0,0,0,3,5,1.67,0,64,45,494,10.98,2,0,0,2,62,106.9,,80,
C.J. Uzomah\UzomC.00,CIN,TE,16,15,0,0,0,0,0,0,0,,0,64,43,439,10.21,3,0,0,3,62,104.9,,19,
Giovani Bernard\BernGi00,CIN,RB,12,4,0,0,0,0,0,56,211,3.77,3,48,35,218,6.23,0,0,0,3,61,95.9,,60,
Rashaad Penny\PennRa00,SEA,RB,14,0,0,0,0,0,0,85,419,4.93,2,12,9,75,8.33,0,0,0,2,61,70.4,,59,
Alfred Morris\MorrAl00,SFO,RB,12,1,0,0,0,0,0,111,428,3.86,2,13,8,73,9.13,0,2,1,2,60,68.1,,61,
Javorius Allen\AlleJa01,BAL,RB,14,0,0,0,0,0,0,41,110,2.68,3,43,35,196,5.6,2,1,1,5,59,93.6,,64,
Corey Clement\ClemCo00,PHI,RB,11,0,0,0,0,0,0,68,259,3.81,2,25,22,192,8.73,0,4,0,2,59,81.1,,62,
Chris Conley\ConlCh00,KAN,WR,16,13,0,0,0,0,0,0,0,,0,52,32,334,10.44,5,2,2,5,59,91.4,,81,
Spencer Ware\WareSp00,KAN,RB,13,2,0,0,0,0,0,51,246,4.82,2,23,20,224,11.2,0,0,0,2,59,79,,63,
Dallas Goedert\GoedDa00,PHI,TE,16,8,0,0,0,0,0,0,0,,0,44,33,334,10.12,4,0,0,4,57,90.4,,20,
Theo Riddick\RiddTh00,DET,RB,14,3,0,0,0,0,0,40,171,4.28,0,74,61,384,6.3,0,0,0,0,56,116.5,,65,
Jarius Wright\WrigJa02,CAR,WR,16,6,0,0,0,0,0,2,39,19.5,0,59,43,447,10.4,1,3,1,1,55,97.6,,82,
Jamison Crowder\CrowJa00,WAS,WR,9,7,0,0,0,0,0,4,30,7.5,0,49,29,388,13.38,2,0,0,2,54,82.8,,83,
Gerald Everett\EverGe00,LAR,TE,16,0,0,0,0,0,0,2,16,8,0,50,33,320,9.7,3,0,0,3,54,86.6,,22,
Jesse James\JameJe00,PIT,TE,16,7,0,0,0,0,0,0,0,,0,39,30,423,14.1,2,0,0,2,54,84.3,,21,
Greg Olsen\OlseGr00,CAR,TE,9,9,0,0,0,0,0,0,0,,0,38,27,291,10.78,4,0,0,4,53,80.1,,23,
Aldrick Robinson\RobiAl00,MIN,WR,14,0,0,0,0,0,0,0,0,,0,35,17,231,13.59,5,0,0,5,53,70.1,,84,
Demarcus Robinson\RobiDe01,KAN,WR,16,5,0,0,0,0,0,0,0,,0,33,22,288,13.09,4,0,0,4,53,74.8,,85,
Ben Watson\WatsBe00,NOR,TE,16,4,0,0,0,0,0,0,0,,0,46,35,400,11.43,2,0,0,2,52,87,,24,
Keelan Cole\ColeKe00,JAX,WR,16,11,0,0,0,0,0,0,0,,0,70,38,491,12.92,1,2,2,1,51,89.1,,87,
Vernon Davis\DaviVe00,WAS,TE,14,8,0,0,0,0,0,0,0,,0,36,25,367,14.68,2,0,0,2,51,75.7,,25,
Jakeem Grant\GranJa00,MIA,WR,10,2,0,0,0,0,0,1,5,5,0,34,21,268,12.76,2,0,0,4,51,72.3,,86,
Taywan Taylor\TaylTa00,TEN,WR,13,5,0,0,0,0,0,0,0,,0,56,37,466,12.59,1,1,1,1,51,87.6,,88,
Chris Thompson\ThomCh03,WAS,RB,10,0,0,0,0,0,0,43,178,4.14,0,55,41,268,6.54,1,1,0,1,51,91.6,,66,
Devontae Booker\BookDe00,DEN,RB,16,0,0,0,0,0,0,34,183,5.38,1,51,38,275,7.24,0,1,1,1,50,87.8,,68,
Phillip Dorsett\DorsPh00,NWE,WR,16,2,0,0,0,0,0,4,29,7.25,0,42,32,290,9.06,3,0,0,3,50,81.9,,89,
Josh Johnson\JohnJo05,WAS,QB,4,3,52,91,590,3,4,23,120,5.22,1,0,0,0,,0,2,0,1,50,49.6,,39,
Zach Zenner\ZennZa00,DET,RB,8,1,0,0,0,0,0,55,265,4.82,3,10,7,56,8,0,0,0,3,50,57.1,,67,
Quincy Enunwa\EnunQu00,NYJ,WR,11,10,0,0,0,0,0,1,0,0,0,68,38,449,11.82,1,2,1,1,49,86.9,,90,
Blake Jarwin\JarwBl00,DAL,TE,16,4,0,0,0,0,0,0,0,,0,36,27,307,11.37,3,0,0,3,49,75.7,,26,
Bilal Powell\PoweBi00,NYJ,RB,7,7,0,0,0,0,0,80,343,4.29,0,18,11,110,10,1,2,1,1,49,60.3,,69,
Randall Cobb\CobbRa00,GNB,WR,9,6,0,0,0,0,0,0,0,,0,61,38,383,10.08,2,2,1,2,48,86.3,,92,
Kenneth Dixon\DixoKe00,BAL,RB,6,0,0,0,0,0,0,60,333,5.55,2,7,6,51,8.5,0,2,1,2,48,54.4,,70,
Jimmy Garoppolo\GaroJi00,SFO,QB,3,3,53,89,718,5,3,8,33,4.13,0,0,0,0,,0,4,0,0,48,48,,40,
Dontrelle Inman\InmaDo00,IND,WR,9,4,0,0,0,0,0,0,0,,0,39,28,304,10.86,3,0,0,3,48,76.4,,91,
Jaron Brown\BrowJa03,SEA,WR,16,2,0,0,0,0,0,0,0,,0,19,14,166,11.86,5,0,0,5,47,60.6,,93,
Antonio Gates\GateAn00,LAC,TE,16,1,0,0,0,0,0,0,0,,0,45,28,333,11.89,2,1,1,2,47,75.3,,27,
Kapri Bibbs\BibbKa00,2TM,RB,12,0,0,0,0,0,0,21,103,4.9,3,23,16,115,7.19,1,1,0,4,46,61.8,,73,
Justin Jackson\JackJu01,LAC,RB,13,1,0,0,0,0,0,50,206,4.12,2,19,15,135,9,0,0,0,2,46,61.1,,71,
Ty Montgomery\MontTy01,2TM,WR,13,0,0,0,0,0,0,41,188,4.59,1,40,25,235,9.4,0,2,1,1,46,71.3,,94,
Breshad Perriman\PerrBr02,CLE,WR,10,2,0,0,0,0,0,4,2,0.5,0,25,16,340,21.25,2,0,0,2,46,62.2,,95,
Darren Sproles\SproDa00,PHI,RB,6,2,0,0,0,0,0,29,120,4.14,1,23,15,160,10.67,2,0,0,3,46,61,,72,
Jordan Thomas\ThomJo05,HOU,TE,16,10,0,0,0,0,0,0,0,,0,27,20,215,10.75,4,0,0,4,46,65.5,,28,
Jacquizz Rodgers\RodgJa00,TAM,RB,16,0,0,0,0,0,0,33,106,3.21,1,45,38,304,8,0,1,1,1,45,83,,74,
Tajae Sharpe\SharTa00,TEN,WR,16,13,0,0,0,0,0,1,16,16,0,47,26,316,12.15,2,0,0,2,45,71.2,,96,
Ian Thomas\ThomIa00,CAR,TE,16,6,0,0,0,0,0,0,0,,0,49,36,333,9.25,2,0,0,2,45,81.3,,29,
Nick Vannett\VannNi00,SEA,TE,15,9,0,0,0,0,0,0,0,,0,43,29,269,9.28,3,1,0,3,45,73.9,,30,
Kelvin Benjamin\BenjKe00,2TM,WR,15,10,0,0,0,0,0,0,0,,0,67,25,380,15.2,1,0,0,1,44,69,,97,
Jonnu Smith\SmitJo01,TEN,TE,13,12,0,0,0,0,0,0,0,,0,30,20,258,12.9,3,1,0,3,44,63.8,,31,
Jordan Wilkins\WilkJo01,IND,RB,16,3,0,0,0,0,0,60,336,5.6,1,17,16,85,5.31,0,2,2,1,44,60.1,,75,
Chase Edmonds\EdmoCh00,ARI,RB,16,0,0,0,0,0,0,60,208,3.47,2,23,20,103,5.15,0,1,0,2,43,63.1,,76,
Jermaine Kearse\KearJe01,NYJ,WR,14,9,0,0,0,0,0,0,0,,0,76,37,371,10.03,1,0,0,1,43,80.1,,98,
Geronimo Allison\AlliGe01,GNB,WR,5,4,0,0,0,0,0,0,0,,0,30,20,303,15.15,2,1,0,2,42,62.3,,99,
Allen Hurns\HurnAl01,DAL,WR,16,7,0,0,0,0,0,0,0,,0,35,20,295,14.75,2,1,0,2,42,61.5,,101,
Jordan Matthews\MattJo00,PHI,WR,14,3,0,0,0,0,0,0,0,,0,28,20,300,15,2,0,0,2,42,62,,100,
Tyler Higbee\HigbTy00,LAR,TE,16,16,0,0,0,0,0,0,0,,0,34,24,292,12.17,2,1,0,2,41,65.2,,32,
Tyrod Taylor\TaylTy00,CLE,QB,4,3,42,85,473,2,2,16,125,7.81,1,0,0,0,,0,3,0,1,41,41.4,,41,
Jeff Heuerman\HeueJe00,DEN,TE,11,10,0,0,0,0,0,0,0,,0,48,31,281,9.06,2,0,0,2,40,71.1,,34,
Zach Pascal\PascZa00,IND,WR,16,4,0,0,0,0,0,2,10,5,0,46,27,268,9.93,2,0,0,2,40,66.8,,102,
Ricky Seals-Jones\SealRi00,ARI,TE,15,5,0,0,0,0,0,0,0,,0,69,34,343,10.09,1,0,0,1,40,74.3,,33,
Ryan Grant\GranRy01,IND,WR,14,10,0,0,0,0,0,0,0,,0,52,35,334,9.54,1,0,0,1,39,74.4,,103,
Cody Kessler\KessCo00,JAX,QB,5,4,85,131,709,2,2,19,123,6.47,0,0,0,0,,0,5,3,0,39,38.7,,42,
Paul Richardson\RichPa01,WAS,WR,7,4,0,0,0,0,0,2,9,4.5,0,35,20,262,13.1,2,0,0,2,39,59.1,,104,
Jay Ajayi\AjayJa00,PHI,RB,4,3,0,0,0,0,0,45,184,4.09,3,6,5,20,4,0,1,1,3,38,43.4,,77,
Kyle Juszczyk*\JuszKy00,SFO,RB,16,14,0,0,0,0,0,8,30,3.75,0,41,30,324,10.8,1,2,2,1,37,67.4,,78,
DeVante Parker\ParkDe01,MIA,WR,11,7,0,0,0,0,0,0,0,,0,47,24,309,12.88,1,0,0,1,37,60.9,,107,
Tim Patrick\PatrTi00,DEN,WR,16,4,0,0,0,0,0,3,17,5.67,0,41,23,315,13.7,1,2,1,1,37,60.2,,105,
Terrelle Pryor\PryoTe00,2TM,WR,8,1,0,0,0,0,0,1,-1,-1,0,30,16,252,15.75,2,0,0,2,37,53.1,,106,
Rex Burkhead\BurkRe00,NWE,RB,8,4,0,0,0,0,0,57,186,3.26,0,20,14,131,9.36,1,2,1,1,36,49.7,,79,
Ted Ginn\GinnTe00,NOR,WR,5,3,0,0,0,0,0,3,26,8.67,0,30,17,209,12.29,2,1,1,2,36,52.5,,110,
DaeSean Hamilton\HamiDa01,DEN,WR,14,5,0,0,0,0,0,0,0,,0,45,30,243,8.1,2,0,0,2,36,66.3,,108,
Laquon Treadwell\TreaLa00,MIN,WR,15,7,0,0,0,0,0,0,0,,0,53,35,302,8.63,1,0,0,1,36,71.2,,109,
Keke Coutee\CoutKe00,HOU,WR,6,2,0,0,0,0,0,3,0,0,0,41,28,287,10.25,1,0,0,1,35,62.7,,111,
Jack Doyle\DoylJa00,IND,TE,6,6,0,0,0,0,0,0,0,,0,33,26,245,9.42,2,1,1,2,35,60.5,,36,
Rhett Ellison\ElliRh00,NYG,TE,14,12,0,0,0,0,0,0,0,,0,34,25,272,10.88,1,0,0,1,35,60.2,,35,
Pierre Garcon\GarcPi00,SFO,WR,8,8,0,0,0,0,0,0,0,,0,46,24,286,11.92,1,0,0,1,35,58.6,,112,
Isaiah McKenzie\McKeIs00,2TM,WR,8,1,0,0,0,0,0,10,66,6.6,2,30,18,179,9.94,0,2,1,2,35,52.5,,113,
Malcolm Brown\BrowMa03,LAR,RB,12,0,0,0,0,0,0,43,212,4.93,0,7,5,52,10.4,1,0,0,1,34,39.4,,80,
Demetrius Harris\HarrDe03,KAN,TE,15,3,0,0,0,0,0,0,0,,0,25,12,164,13.67,3,0,0,3,34,46.4,,37,
Ed Dickson\DickEd00,SEA,TE,10,1,0,0,0,0,0,1,9,9,0,13,12,143,11.92,3,0,0,3,33,45.2,,38,
Blaine Gabbert\GabbBl00,TEN,QB,8,3,61,101,626,4,4,6,0,0,0,0,0,0,,0,0,0,0,33,33,,43,
Keith Kirkwood\KirkKe00,NOR,WR,8,1,0,0,0,0,0,0,0,,0,21,13,209,16.08,2,0,0,2,33,45.9,,117,
Raheem Mostert\MostRa00,SFO,RB,9,0,0,0,0,0,0,34,261,7.68,1,7,6,25,4.17,0,1,1,1,33,38.6,,81,
Torrey Smith\SmitTo02,CAR,WR,11,6,0,0,0,0,0,0,0,,0,31,17,190,11.18,2,0,0,2,33,50,,116,
Equanimeous St. Brown\St.BEq00,GNB,WR,12,7,0,0,0,0,0,1,5,5,0,36,21,328,15.62,0,0,0,0,33,54.3,,115,
Ryan Switzer\SwitRy00,PIT,WR,16,1,0,0,0,0,0,6,21,3.5,0,44,36,253,7.03,1,2,0,1,33,69.4,,114,
Tavon Austin\AustTa00,DAL,WR,7,0,0,0,0,0,0,6,55,9.17,0,13,8,140,17.5,2,0,0,2,32,39.5,,118,
Trenton Cannon\CannTr00,NYJ,RB,16,0,0,0,0,0,0,38,113,2.97,1,25,17,144,8.47,0,0,0,1,32,48.7,,83,
Levine Toilolo\ToilLe00,DET,TE,16,10,0,0,0,0,0,0,0,,0,24,21,263,12.52,1,0,0,1,32,53.3,,39,
Jeff Wilson\WilsJe01,SFO,RB,6,2,0,0,0,0,0,66,266,4.03,0,15,12,98,8.17,0,3,2,0,32,44.4,,82,
James Develin\DeveJa00,NWE,RB,16,8,0,0,0,0,0,6,8,1.33,4,17,12,61,5.08,0,0,0,4,31,42.9,,84,
Wayne Gallman\GallWa00,NYG,RB,15,2,0,0,0,0,0,51,176,3.45,1,22,14,89,6.36,0,2,1,1,31,44.5,,85,
Ryan Griffin\GrifRy00,HOU,TE,14,11,0,0,0,0,0,0,0,,0,43,24,305,12.71,0,0,0,0,31,54.5,,41,
Maurice Harris\HarrMa05,WAS,WR,12,7,0,0,0,0,0,2,10,5,0,47,28,304,10.86,0,1,0,0,31,59.4,,119,
Taysom Hill\HillTa00,NOR,QB,16,4,3,7,64,0,1,37,196,5.3,2,7,3,4,1.33,0,1,1,2,31,33.6,,44,
T.J. Jones\JoneT.00,DET,WR,15,3,0,0,0,0,0,0,0,,0,26,19,190,10,2,0,0,2,31,50,,120,
Matt LaCosse\LaCoMa00,DEN,TE,15,5,0,0,0,0,0,0,0,,0,37,24,250,10.42,1,0,0,1,31,55,,40,
Russell Shepard\ShepRu00,NYG,WR,12,0,0,0,0,0,0,0,0,,0,19,10,188,18.8,2,0,0,2,31,40.8,,121,
Chase Daniel\DaniCh00,CHI,QB,5,2,53,76,515,3,2,13,3,0.23,0,1,1,8,8,0,4,0,0,30,30.7,,45,
Darren Fells\FellDa01,CLE,TE,16,11,0,0,0,0,0,0,0,,0,12,11,117,10.64,3,0,0,3,30,40.7,,43,
Geoff Swaim\SwaiGe00,DAL,TE,9,9,0,0,0,0,0,0,0,,0,32,26,242,9.31,1,0,0,1,30,56.2,,42,
Trent Taylor\TaylTr02,SFO,WR,14,0,0,0,0,0,0,0,0,,0,41,26,215,8.27,1,1,0,1,30,55.5,,122,
Kalen Ballage\BallKa00,MIA,RB,12,0,0,0,0,0,0,36,191,5.31,1,11,9,56,6.22,0,1,1,1,29,37.7,,86,
Travis Benjamin\BenjTr00,LAC,WR,12,3,0,0,0,0,0,7,41,5.86,0,24,12,186,15.5,1,0,0,1,29,40.7,,123,
Bruce Ellington\ElliBr00,2TM,WR,7,3,0,1,0,0,0,1,2,2,0,42,31,224,7.23,1,1,0,1,29,59.6,,124,
Anthony Firkser\FirkAn00,TEN,TE,12,0,0,0,0,0,0,0,0,,0,20,19,225,11.84,1,0,0,1,29,47.5,,45,
Luke Stocker\StocLu00,TEN,TE,16,11,0,0,0,0,0,1,0,0,0,21,15,165,11,2,0,0,2,29,43.5,,44,
Jason Croom\CrooJa00,BUF,TE,15,3,0,0,0,0,0,0,0,,0,35,22,259,11.77,1,2,2,2,28,49.9,,47,
Will Dissly\DissWi00,SEA,TE,4,4,0,0,0,0,0,0,0,,0,14,8,156,19.5,2,0,0,2,28,35.6,,48,
Marcus Murphy\MurpMa03,BUF,RB,11,1,0,0,0,0,0,52,250,4.81,0,19,11,26,2.36,0,1,0,0,28,38.6,,87,
Michael Roberts\RobeMi01,DET,TE,8,2,0,0,0,0,0,0,0,,0,20,9,100,11.11,3,0,0,3,28,37,,46,
James Washington\WashJa00,PIT,WR,14,6,0,0,0,0,0,0,0,,0,38,16,217,13.56,1,0,0,1,28,43.7,,125,
Kyle Allen\AlleKy00,CAR,QB,2,1,20,31,266,2,0,5,19,3.8,1,0,0,0,,0,0,0,1,27,26.5,,47,
Martavis Bryant\BryaMa00,OAK,WR,8,2,0,0,0,0,0,3,23,7.67,0,27,19,266,14,0,1,1,0,27,45.9,,128,
Virgil Green\GreeVi00,LAC,TE,16,16,0,0,0,0,0,0,0,,0,27,19,210,11.05,1,0,0,1,27,46,,49,
Colt McCoy\McCoCo00,WAS,QB,3,2,34,54,372,3,3,10,63,6.3,0,0,0,0,,0,1,0,0,27,27.2,,46,
Chris Moore\MoorCh00,BAL,WR,16,0,0,0,0,0,0,5,17,3.4,0,25,19,196,10.32,1,0,0,1,27,46.3,,126,
Trent Sherfield\SherTr00,ARI,WR,13,2,0,0,0,0,0,0,0,,0,28,19,210,11.05,1,0,0,1,27,46,,127,
Erik Swoope\SwooEr00,IND,TE,7,2,0,0,0,0,0,0,0,,0,10,8,87,10.88,3,0,0,3,27,34.7,,50,
Brandon Bolden\BoldBr00,MIA,RB,16,0,0,0,0,0,0,8,91,11.38,2,3,3,13,4.33,1,1,1,3,26,29.4,,88,
Bennie Fowler\FowlBe00,NYG,WR,10,5,0,0,0,0,0,0,0,,0,27,16,199,12.44,1,1,0,1,26,41.9,,130,
Brandon LaFell\LaFeBr00,OAK,WR,6,5,0,0,0,0,0,0,0,,0,16,12,135,11.25,2,0,0,2,26,37.5,,131,
Andre Roberts*+\RobeAn00,NYJ,WR,16,1,0,0,0,0,0,2,20,10,0,17,10,79,7.9,1,3,1,3,26,35.9,,129,
Mo Alie-Cox\AlieMo00,IND,TE,9,1,0,0,0,0,0,0,0,,0,13,7,133,19,2,0,0,2,25,32.3,,51,
Justin Hardy\HardJu00,ATL,WR,16,0,0,0,0,0,0,0,0,,0,22,14,133,9.5,2,1,0,2,25,39.3,,132,
Josh Hill\HillJo02,NOR,TE,16,11,0,0,0,0,0,0,0,,0,24,16,185,11.56,1,0,0,1,25,40.5,,53,
Cody Latimer\LatiCo00,NYG,WR,6,2,0,0,0,0,0,0,0,,0,16,11,190,17.27,1,0,0,1,25,36,,133,
Lee Smith\SmitLe00,OAK,TE,16,4,0,0,0,0,0,0,0,,0,11,10,73,7.3,3,0,0,3,25,35.3,,52,
Rod Smith\SmitRo06,DAL,RB,16,1,0,0,0,0,0,44,127,2.89,1,12,9,60,6.67,0,0,0,1,25,33.7,,89,
Cody Core\CoreCo00,CIN,WR,14,3,0,0,0,0,0,0,0,,0,28,13,160,12.31,1,0,0,1,24,37,,135,
Tyler Eifert\EifeTy00,CIN,TE,4,2,0,0,0,0,0,0,0,,0,19,15,179,11.93,1,0,0,1,24,38.9,,54,
Chad Williams\WillCh05,ARI,WR,10,7,0,0,0,0,0,1,9,9,0,46,17,171,10.06,1,0,0,1,24,41,,134,
Jordan Akins\AkinJo00,HOU,TE,16,6,0,0,0,0,0,0,0,,0,25,17,225,13.24,0,0,0,0,23,39.5,,56,
Richie James\JameRi00,SFO,WR,13,2,0,0,0,0,0,0,0,,0,14,9,130,14.44,1,2,1,2,23,32,,136,
Lance Kendricks\KendLa00,GNB,TE,16,3,0,0,0,0,0,0,0,,0,25,19,170,8.95,1,0,0,1,23,42,,55,
Austin Carr\CarrAu00,NOR,WR,14,2,0,0,0,0,0,0,0,,0,14,9,97,10.78,2,0,0,2,22,30.7,,137,
Hayden Hurst\HursHa00,BAL,TE,12,0,0,0,0,0,0,1,0,0,0,23,13,163,12.54,1,0,0,1,22,35.3,,57,
Dan Arnold\ArnoDa00,NOR,TE,10,1,0,0,0,0,0,0,0,,0,19,12,150,12.5,1,1,0,1,21,33,,61,
Marcell Ateman\AtemMa00,OAK,WR,7,6,0,0,0,0,0,0,0,,0,31,15,154,10.27,1,0,0,1,21,36.4,,138,
Nick Boyle\BoylNi00,BAL,TE,16,13,0,0,0,0,0,0,0,,0,37,23,213,9.26,0,0,0,0,21,44.3,,59,
Garrett Celek\CeleGa00,SFO,TE,15,1,0,0,0,0,0,0,0,,0,8,5,90,18,2,0,0,2,21,26,,62,
Marvin Hall\HallMa02,ATL,WR,16,0,0,0,0,0,0,2,0,0,0,19,10,149,14.9,1,0,0,1,21,30.9,,139,
Josh McCown\McCoJo01,NYJ,QB,4,3,60,110,539,1,4,5,32,6.4,0,0,0,0,,0,0,0,0,21,20.8,,48,
James O'Shaughnessy\O'ShJa00,JAX,TE,14,9,0,0,0,0,0,0,0,,0,38,24,214,8.92,0,0,0,0,21,45.4,,58,
Maxx Williams\WillMa04,BAL,TE,13,6,0,0,0,0,0,3,8,2.67,0,17,16,143,8.94,1,0,0,1,21,37.1,,60,
Josh Bellamy\BellJo02,CHI,WR,16,2,0,0,0,0,0,0,0,,0,25,14,117,8.36,1,0,0,1,20,33.7,,141,
DeAndre Carter\CartDe02,2TM,WR,14,4,0,0,0,0,0,1,7,7,0,25,22,216,9.82,0,5,1,0,20,42.3,,140,
Brandon Marshall\MarsBr00,SEA,WR,7,2,0,0,0,0,0,0,0,,0,23,11,136,12.36,1,0,0,1,20,30.6,,142,
Michael Floyd\FloyMi00,WAS,WR,13,3,0,0,0,0,0,0,0,,0,24,10,100,10,1,0,0,1,18,28,,143,
Mike Gesicki\GesiMi00,MIA,TE,16,7,0,0,0,0,0,0,0,,0,32,22,202,9.18,0,1,1,0,18,40.2,,63,
Andy Janovich\JanoAn00,DEN,RB,16,7,0,0,0,0,0,2,5,2.5,0,10,8,112,14,1,0,0,1,18,25.7,,90,
Zach Line\LineZa01,NOR,RB,16,6,0,0,0,0,0,9,41,4.56,0,10,5,14,2.8,2,0,0,2,18,22.5,,91,
Matt Barkley\BarkMa00,BUF,QB,1,1,15,25,232,2,0,3,-2,-0.67,0,0,0,0,,0,0,0,0,17,17.1,,49,
Leonte Carroo\CarrLe00,MIA,WR,9,0,0,0,0,0,0,1,14,14,0,4,2,94,47,1,0,0,1,17,18.8,,146,
Alex Erickson\EricAl01,CIN,WR,16,6,0,0,0,0,0,3,22,7.33,0,29,20,167,8.35,0,1,1,0,17,36.9,,145,
Darius Jennings\JennDa00,TEN,WR,16,0,1,1,21,0,0,1,2,2,0,15,11,101,9.18,0,0,0,1,17,28.1,,144,
Jordan Leggett\LeggJo00,NYJ,TE,15,4,0,0,0,0,0,0,0,,0,24,14,114,8.14,1,0,0,1,17,31.4,,64,
Charles Clay\ClayCh00,BUF,TE,13,12,0,0,0,0,0,0,0,,0,36,21,184,8.76,0,1,1,0,16,37.4,,65,
Andre Holmes\HolmAn00,2TM,WR,15,3,0,0,0,0,0,0,0,,0,24,13,162,12.46,0,0,0,0,16,29.2,,148,
Marcus Johnson\JohnMa07,IND,WR,5,0,0,0,0,0,0,1,-2,-2,0,8,6,102,17,1,0,0,1,16,22,,150,
Jake Kumerow\KumeJa00,GNB,WR,5,2,0,0,0,0,0,0,0,,0,11,8,103,12.88,1,0,0,1,16,24.3,,147,
MyCole Pruitt\PruiMy00,TEN,TE,15,1,0,0,0,0,0,0,0,,0,11,9,102,11.33,1,0,0,1,16,25.2,,66,
Anthony Sherman*\SherAn00,KAN,RB,16,1,0,0,0,0,0,1,2,2,0,9,8,96,12,1,0,0,1,16,23.8,,92,
Deonte Thompson\ThomDe04,2TM,WR,13,6,0,0,0,0,0,0,0,,0,30,17,161,9.47,0,0,0,0,16,33.1,,149,
DJ Chark\CharDJ00,JAX,WR,11,0,0,0,0,0,0,0,0,,0,32,14,174,12.43,0,1,1,0,15,29.4,,151,
Brian Hill\HillBr02,ATL,RB,10,0,0,0,0,0,0,20,157,7.85,0,2,1,9,9,0,1,1,0,15,15.6,,95,
Cameron Meredith\MereCa00,NOR,WR,6,1,0,0,0,0,0,0,0,,0,10,9,114,12.67,1,1,1,1,15,24.4,,152,
Taquan Mizzell\MizzTa00,CHI,RB,9,1,0,0,0,0,0,9,16,1.78,0,10,8,78,9.75,1,0,0,1,15,23.4,,93,
Nick O'Leary\OLeaNi00,MIA,TE,12,7,0,0,0,0,0,0,0,,0,10,8,86,10.75,1,0,0,1,15,22.6,,70,
Logan Paulsen\PaulLo00,ATL,TE,15,10,0,0,0,0,0,0,0,,0,9,9,91,10.11,1,0,0,1,15,24.1,,67,
Austin Seferian-Jenkins\SefeAu00,JAX,TE,5,5,0,0,0,0,0,0,0,,0,19,11,90,8.18,1,0,0,1,15,26,,68,
Scott Simonson\SimoSc00,NYG,TE,16,4,0,0,0,0,0,0,0,,0,14,9,86,9.56,1,0,0,1,15,23.6,,69,
Vyncint Smith\SmitVy00,HOU,WR,7,1,0,0,0,0,0,0,0,,0,10,5,91,18.2,1,0,0,1,15,20.1,,153,
Dwayne Washington\WashDw00,NOR,RB,13,0,0,0,0,0,0,27,154,5.7,0,0,0,0,,0,0,0,0,15,15.4,,94,
Alex Armah\ArmaAl00,CAR,RB,16,2,0,0,0,0,0,9,15,1.67,2,1,1,5,5,0,0,0,2,14,15,,97,
Cameron Artis-Payne\ArtiCa00,CAR,RB,9,0,0,0,0,0,0,19,69,3.63,1,4,3,15,5,0,0,0,1,14,17.4,,96,
Deontay Burnett\BurnDe00,NYJ,WR,5,1,0,0,0,0,0,0,0,,0,15,10,143,14.3,0,0,0,0,14,24.3,,155,
Taylor Heinicke\HeinTa00,CAR,QB,6,1,35,57,320,1,3,5,31,6.2,0,0,0,0,,0,1,0,0,14,13.9,,50,
Andy Jones\JoneAn01,DET,WR,8,3,0,0,0,0,0,0,0,,0,24,11,80,7.27,1,0,0,1,14,25,,156,
Ronald Jones\JoneRo01,TAM,RB,9,0,0,0,0,0,0,23,44,1.91,1,9,7,33,4.71,0,0,0,1,14,20.7,,98,
Trey Quinn\QuinTr00,WAS,WR,3,2,0,0,0,0,0,1,0,0,0,10,9,75,8.33,1,0,0,1,14,22.5,,157,
Damion Ratley\RatlDa00,CLE,WR,13,3,0,0,0,0,0,0,0,,0,20,13,144,11.08,0,0,0,0,14,27.4,,154,
Robert Tonyan\TonyRo00,GNB,TE,16,1,0,0,0,0,0,0,0,,0,6,4,77,19.25,1,0,0,1,14,17.7,,71,
Sam Bradford\BradSa00,ARI,QB,3,3,50,80,400,2,4,2,7,3.5,0,0,0,0,,0,3,2,0,13,12.7,,52,
Derek Carrier\CarrDe00,OAK,TE,16,2,0,0,0,0,0,0,0,,0,12,7,67,9.57,1,0,0,1,13,19.7,,74,
Seth Devalve\DevaSe00,CLE,TE,13,4,0,0,0,0,0,0,0,,0,7,5,74,14.8,1,0,0,1,13,18.4,,72,
Nathan Peterman\PeteNa00,BUF,QB,4,2,44,81,296,1,7,10,50,5,1,0,0,0,,0,0,0,1,13,12.8,,51,
Brandon Powell\PoweBr00,DET,WR,6,1,0,0,0,0,0,1,4,4,0,17,11,129,11.73,0,0,0,0,13,24.3,,158,
Adam Shaheen\ShahAd00,CHI,TE,6,4,0,0,0,0,0,0,0,,0,6,5,48,9.6,1,0,0,1,13,17.8,,73,
Darrel Williams\WillDa10,KAN,RB,6,0,0,0,0,0,0,13,44,3.38,0,3,3,27,9,1,0,0,1,13,16.1,,99,
Brice Butler\ButlBr00,2TM,WR,8,1,0,0,0,0,0,0,0,,0,10,6,60,10,1,0,0,1,12,18,,159,
Stevan Ridley\RidlSt00,PIT,RB,10,0,0,0,0,0,0,29,80,2.76,1,4,3,18,6,0,2,2,1,12,14.8,,100,
Dalton Schultz\SchuDa00,DAL,TE,11,7,0,0,0,0,0,0,0,,0,17,12,116,9.67,0,0,0,0,12,23.6,,75,
A.J. Derby\DerbA.00,MIA,TE,4,0,0,0,0,0,0,0,0,,0,5,3,48,16,1,0,0,1,11,13.8,,77,
Mike Glennon\GlenMi00,ARI,QB,2,0,15,21,174,1,0,0,0,,0,0,0,0,,0,0,0,0,11,11,,53,
Corey Grant\GranCo00,JAX,RB,5,1,0,0,0,0,0,13,40,3.08,0,12,9,67,7.44,0,0,0,0,11,19.7,,101,
Dwayne Harris\HarrDw00,OAK,WR,15,1,0,0,0,0,0,2,12,6,0,6,6,40,6.67,0,2,0,1,11,17.2,,160,
Tommylee Lewis\LewiTo00,NOR,WR,7,3,0,0,0,0,0,2,10,5,0,3,3,60,20,1,1,1,1,11,14,,161,
Chris Manhertz\ManhCh00,CAR,TE,16,4,0,0,0,0,0,0,0,,0,5,2,52,26,1,0,0,1,11,13.2,,76,
Keith Ford\FordKe00,BUF,RB,2,1,0,0,0,0,0,21,79,3.76,0,5,3,21,7,0,0,0,0,10,13,,104,
John Kelly\KellJo00,LAR,RB,4,0,0,0,0,0,0,27,74,2.74,0,3,2,27,13.5,0,0,0,0,10,12.1,,103,
Niles Paul\PaulNi00,JAX,TE,6,1,0,0,0,0,0,1,-3,-3,0,13,10,98,9.8,0,0,0,0,10,19.5,,80,
Eli Rogers\RogeEl00,PIT,WR,3,3,0,0,0,0,0,1,-4,-4,0,14,12,79,6.58,0,1,0,0,10,21.5,,163,
Jeremy Sprinkle\SpriJe00,WAS,TE,16,9,0,0,0,0,0,0,0,,0,9,5,41,8.2,1,0,0,1,10,15.1,,78,
De'Anthony Thomas\ThomDe05,KAN,WR,5,0,0,0,0,0,0,1,6,6,0,5,3,29,9.67,1,1,0,1,10,12.5,,162,
Darren Waller\WallDa01,OAK,TE,4,0,0,0,0,0,0,1,21,21,0,6,6,75,12.5,0,0,0,0,10,15.6,,79,
DeAndre Washington\WashDe00,OAK,RB,10,0,0,0,0,0,0,30,115,3.83,0,1,1,9,9,0,1,1,0,10,11.4,,102,
Charcandrick West\WestCh01,KAN,RB,3,0,0,0,0,0,0,2,-1,-0.5,0,3,2,37,18.5,1,0,0,1,10,11.6,,105,
Jake Butt\ButtJa00,DEN,TE,3,3,0,0,0,0,0,0,0,,0,13,8,85,10.63,0,0,0,0,9,16.5,,82,
D'Onta Foreman\ForeDO00,HOU,RB,1,0,0,0,0,0,0,7,-1,-0.14,0,2,2,28,14,1,1,0,1,9,10.7,,108,
Devonta Freeman\FreeDe00,ATL,RB,2,2,0,0,0,0,0,14,68,4.86,0,7,5,23,4.6,0,0,0,0,9,14.1,,107,
C.J. Ham\HamxC.00,MIN,RB,15,2,0,0,0,0,0,6,8,1.33,0,15,11,85,7.73,0,0,0,0,9,20.3,,106,
Dontrell Hilliard\HillDo00,CLE,RB,11,0,0,1,0,0,1,0,0,,0,10,9,105,11.67,0,0,0,0,9,17.5,,109,
Kevin White\WhitKe00,CHI,WR,9,0,0,0,0,0,0,0,0,,0,8,4,92,23,0,0,0,0,9,13.2,,164,
Luke Willson\WillLu00,DET,TE,14,8,0,0,0,0,0,0,0,,0,19,13,87,6.69,0,0,0,0,9,21.7,,81,
Cameron Batson\BatsCa00,TEN,WR,11,2,0,0,0,0,0,1,1,1,0,11,8,82,10.25,0,1,0,0,8,16.3,,165,
Corey Coleman\ColeCo00,NYG,WR,8,1,0,0,0,0,0,1,5,5,0,8,5,71,14.2,0,0,0,0,8,12.6,,166,
Tyler Conklin\ConkTy00,MIN,TE,16,3,0,0,0,0,0,0,0,,0,7,5,77,15.4,0,0,0,0,8,12.7,,84,
Matt Lengel\LengMa00,CIN,TE,11,2,0,0,0,0,0,0,0,,0,8,3,17,5.67,1,0,0,1,8,10.7,,85,
Elijhaa Penny\PennEl00,NYG,RB,14,3,0,0,0,0,0,7,25,3.57,0,9,8,50,6.25,0,0,0,0,8,15.5,,110,
Logan Thomas\ThomLo00,BUF,TE,12,3,1,1,15,0,0,0,0,,0,17,12,77,6.42,0,0,0,0,8,20.3,,83,
Mark Walton\WaltMa00,CIN,RB,14,0,0,0,0,0,0,14,34,2.43,0,8,5,41,8.2,0,0,0,0,8,12.5,,111,
Derek Anderson\AndeDe00,BUF,QB,2,2,42,70,465,0,4,1,-1,-1,0,0,0,0,,0,3,2,0,7,6.5,,55,
Kenjon Barner\BarnKe00,2TM,RB,9,0,0,0,0,0,0,19,71,3.74,0,1,1,3,3,0,1,0,0,7,8.4,,112,
Blake Bell\BellBl00,JAX,TE,10,4,0,0,0,0,0,0,0,,0,11,8,67,8.38,0,0,0,0,7,14.7,,88,
Teddy Bridgewater\BridTe00,NOR,QB,5,1,14,23,118,1,1,11,5,0.45,0,0,0,0,,0,0,0,0,7,7.2,,54,
Patrick DiMarco\DiMaPa00,BUF,RB,16,5,0,0,0,0,0,1,9,9,0,4,3,62,20.67,0,0,0,0,7,10.1,,113,
Jermaine Gresham\GresJe00,ARI,TE,13,11,0,0,0,0,0,0,0,,0,12,9,94,10.44,0,1,1,0,7,16.4,,86,
Xavier Grimble\GrimXa00,PIT,TE,16,2,0,0,0,0,0,0,0,,0,8,6,86,14.33,0,1,1,0,7,12.6,,90,
Detrez Newsome\NewsDe00,LAC,RB,9,0,0,0,0,0,0,11,49,4.45,0,2,2,19,9.5,0,0,0,0,7,8.8,,114,
Joshua Perkins\PerkJo02,PHI,TE,9,1,0,0,0,0,0,0,0,,0,11,5,67,13.4,0,0,0,0,7,11.7,,89,
Eric Tomlinson\TomlEr01,NYJ,TE,15,12,0,0,0,0,0,0,0,,0,14,8,72,9,0,0,0,0,7,15.2,,87,
Russell Gage\GageRu00,ATL,WR,15,0,0,0,0,0,0,0,0,,0,10,6,63,10.5,0,0,0,0,6,12.3,,168,
David Grinnage\GrinDa00,JAX,TE,4,2,0,0,0,0,0,0,0,,0,8,6,61,10.17,0,0,0,0,6,12.1,,91,
Ryan Hewitt\HewiRy00,IND,TE,12,2,0,0,0,0,0,0,0,,0,2,1,1,1,1,0,0,1,6,7.1,,92,
JJ Nelson\NelsJJ00,ARI,WR,14,2,0,0,0,0,0,4,0,0,0,19,7,64,9.14,0,0,0,0,6,13.4,,167,
Bradley Sowell\SoweBr00,CHI,RB,16,1,0,0,0,0,0,0,0,,0,2,1,2,2,1,0,0,1,6,7.2,,115,
Derrick Willies\WillDe06,CLE,WR,5,0,0,0,0,0,0,0,0,,0,5,3,61,20.33,0,1,0,0,6,9.1,,169,
Kamar Aiken\AikeKa00,PHI,WR,5,1,0,0,0,0,0,0,0,,0,7,6,53,8.83,0,0,0,0,5,11.3,,171,
Antony Auclair\AuclAn00,TAM,TE,16,10,0,0,0,0,0,0,0,,0,8,7,48,6.86,0,0,0,0,5,11.8,,96,
Mike Boone\BoonMi00,MIN,RB,8,0,0,0,0,0,0,11,47,4.27,0,3,2,1,0.5,0,0,0,0,5,6.8,,117,
Noah Brown\BrowNo00,DAL,WR,8,2,0,0,0,0,0,0,0,,0,8,5,54,10.8,0,0,0,0,5,10.4,,170,
Rico Gathers\GathRi00,DAL,TE,15,4,0,0,0,0,0,0,0,,0,7,3,45,15,0,0,0,0,5,7.5,,99,
Shelton Gibson\GibsSh00,PHI,WR,15,0,0,0,0,0,0,0,0,,0,3,1,48,48,0,0,0,0,5,5.8,,173,
Jacob Hollister\HollJa03,NWE,TE,8,1,0,0,0,0,0,0,0,,0,5,4,52,13,0,0,0,0,5,9.2,,93,
DeShone Kizer\KizeDe00,GNB,QB,3,0,20,42,187,0,2,5,39,7.8,0,0,0,0,,0,1,1,0,5,5.4,,56,
Eric Saubert\SaubEr00,ATL,TE,16,1,0,0,0,0,0,0,0,,0,9,5,48,9.6,0,0,0,0,5,9.8,,97,
Durham Smythe\SmytDu00,MIA,TE,15,2,0,0,0,0,0,0,0,,0,11,6,50,8.33,0,0,0,0,5,11,,95,
Neal Sterling\SterNe00,NYJ,TE,5,4,0,0,0,0,0,0,0,,0,8,6,47,7.83,0,0,0,0,5,10.7,,98,
Nate Sudfeld\SudfNa00,PHI,QB,2,0,1,2,22,1,0,2,-2,-1,0,0,0,0,,0,0,0,0,5,4.7,,57,
Roc Thomas\ThomRo05,MIN,RB,5,0,0,0,0,0,0,8,30,3.75,0,4,2,21,10.5,0,0,0,0,5,7.1,,116,
Delanie Walker\WalkHu00,TEN,TE,1,1,0,0,0,0,0,0,0,,0,7,4,52,13,0,0,0,0,5,9.2,,94,
Jesus Wilson\WilsJe00,TAM,WR,5,0,0,0,0,0,0,0,0,,0,5,4,52,13,0,0,0,0,5,9.2,,172,
Chad Beebe\BeebCh00,MIN,WR,3,0,0,0,0,0,0,0,0,,0,4,4,39,9.75,0,0,0,0,4,7.9,,176,
Tommy Bohanon\BohaTo00,JAX,RB,16,6,0,0,0,0,0,1,0,0,0,9,6,41,6.83,0,0,0,0,4,10.1,,119,
Ben Braunecker\BrauBe00,CHI,TE,15,2,0,0,0,0,0,0,0,,0,5,3,42,14,0,0,0,0,4,7.2,,100,
Jawill Davis\DaviJa07,NYG,WR,7,0,0,0,0,0,0,0,0,,0,8,4,40,10,0,0,0,0,4,8,,174,
Tyler Ervin\ErviTy00,HOU,RB,9,0,0,0,0,0,0,0,0,,0,3,3,35,11.67,0,1,0,0,4,6.5,,125,
Jordan Franks\FranJo03,CIN,TE,6,0,0,0,0,0,0,0,0,,0,3,2,37,18.5,0,0,0,0,4,5.7,,103,
Rashad Greene\GreeRa00,JAX,WR,8,1,0,0,0,0,0,0,0,,0,8,6,60,10,0,2,1,0,4,10,,175,
Tyler Kroft\KrofTy00,CIN,TE,5,2,0,0,0,0,0,0,0,,0,6,4,36,9,0,0,0,0,4,7.6,,105,
Marcedes Lewis\LewiMa00,GNB,TE,16,4,0,0,0,0,0,0,0,,0,4,3,39,13,0,0,0,0,4,6.9,,101,
T.J. Logan\LogaT.00,ARI,RB,10,0,0,0,0,0,0,2,2,1,0,7,7,37,5.29,0,0,0,0,4,10.9,,120,
Tre Madden\MaddTr01,SEA,RB,14,3,0,0,0,0,0,3,3,1,0,3,2,35,17.5,0,0,0,0,4,5.8,,122,
Byron Marshall\MarsBy01,WAS,RB,6,0,0,0,0,0,0,3,9,3,0,6,4,30,7.5,0,0,0,0,4,7.9,,121,
David Morgan\MorgDa01,MIN,TE,11,6,0,0,0,0,0,0,0,,0,6,5,36,7.2,0,0,0,0,4,8.6,,104,
Roosevelt Nix\NixxRo01,PIT,RB,16,0,0,0,0,0,0,1,4,4,0,6,4,38,9.5,0,0,0,0,4,8.2,,118,
Samaje Perine\PeriSa00,WAS,RB,5,0,0,0,0,0,0,8,32,4,0,4,3,5,1.67,0,0,0,0,4,6.7,,123,
John Phillips\PhilJo00,ARI,TE,8,4,0,0,0,0,0,0,0,,0,3,3,38,12.67,0,0,0,0,4,6.8,,102,
Auden Tate\TateAu00,CIN,WR,7,0,0,0,0,0,0,0,0,,0,12,4,35,8.75,0,0,0,0,4,7.5,,178,
Jalen Tolliver\TollJa00,ARI,WR,3,1,0,0,0,0,0,0,0,,0,6,3,37,12.33,0,0,0,0,4,6.7,,177,
David Williams\WillDa011,JAX,RB,6,0,0,0,0,0,0,8,36,4.5,0,0,0,0,,0,0,0,0,4,3.6,,124,
Dwayne Allen\AlleDw00,NWE,TE,13,8,0,0,0,0,0,0,0,,0,4,3,27,9,0,0,0,0,3,5.7,,107,
Benny Cunningham\CunnBe01,CHI,RB,15,0,0,0,0,0,0,11,20,1.82,0,2,1,9,9,0,0,0,0,3,3.9,,129,
Mike Gillislee\GillMi00,NOR,RB,4,0,0,0,0,0,0,16,43,2.69,0,1,1,9,9,0,1,1,0,3,4.2,,127,
Jeremy Hill\HillJe01,NWE,RB,1,0,0,0,0,0,0,4,25,6.25,0,1,1,6,6,0,0,0,0,3,4.1,,128,
Jeremy Langford\LangJe00,ATL,RB,1,0,0,0,0,0,0,9,25,2.78,0,0,0,0,,0,0,0,0,3,2.5,,130,
Brian Parker\ParkBr00,DEN,TE,13,1,0,0,0,0,0,0,0,,0,10,5,33,6.6,0,0,0,0,3,8.3,,106,
Charone Peake\PeakCh00,NYJ,WR,13,0,0,0,0,0,0,0,0,,0,3,2,25,12.5,0,0,0,0,3,4.5,,180,
Shaun Wilson\WilsSh01,TAM,RB,5,0,0,0,0,0,0,6,29,4.83,0,5,3,5,1.67,0,0,0,0,3,6.4,,126,
Javon Wims\WimsJa00,CHI,WR,4,0,0,0,0,0,0,0,0,,0,5,4,32,8,0,0,0,0,3,7.2,,179,
Nick Bellore\BellNi01,DET,RB,14,4,0,0,0,0,0,1,0,0,0,4,4,15,3.75,0,0,0,0,2,5.5,,141,
Travaris Cadet\CadeTr00,CAR,RB,1,0,0,0,0,0,0,11,17,1.55,0,1,1,5,5,0,0,0,0,2,3.2,,132,
Matt Cassel\CassMa00,DET,QB,2,0,7,17,59,0,1,2,13,6.5,0,0,0,0,,0,0,0,0,2,1.7,,58,
Orson Charles\CharOr00,CLE,TE,13,2,0,0,0,0,0,0,0,,0,5,3,23,7.67,0,0,0,0,2,5.3,,109,
Derrick Coleman\ColeDe00,ARI,RB,16,4,0,0,0,0,0,2,3,1.5,0,3,2,17,8.5,0,0,0,0,2,4,,134,
River Cracraft\CracRi00,DEN,WR,8,0,0,0,0,0,0,0,0,,0,2,1,44,44,0,1,1,0,2,3.4,,182,
Sean Culkin\CulkSe00,LAC,TE,13,10,0,0,0,0,0,0,0,,0,1,1,24,24,0,0,0,0,2,3.4,,108,
Justin Davis\DaviJu00,LAR,RB,11,0,0,0,0,0,0,2,19,9.5,0,0,0,0,,0,0,0,0,2,1.9,,135,
Gehrig Dieter\DietGe00,KAN,WR,4,0,0,0,0,0,0,0,0,,0,3,1,22,22,0,0,0,0,2,3.2,,184,
David Fluellen\FlueDa00,TEN,RB,7,0,0,0,0,0,0,4,16,4,0,0,0,0,,0,0,0,0,2,1.6,,139,
Garrett Gilbert\GilbGa01,CAR,QB,1,0,2,3,40,0,0,0,0,,0,0,0,0,,0,0,0,0,2,1.6,,59,
KhaDarel Hodge\HodgKh00,LAR,WR,14,0,0,0,0,0,0,0,0,,0,3,2,17,8.5,0,0,0,0,2,3.7,,190,
Justin Hunter\HuntJu00,PIT,WR,5,0,0,0,0,0,0,0,0,,0,13,3,21,7,0,0,0,0,2,5.1,,185,
Darius Jackson\JackDa01,2TM,RB,4,0,0,0,0,0,0,6,16,2.67,0,1,0,0,,0,0,0,0,2,1.6,,138,
Rishard Matthews\MattRi00,2TM,WR,8,0,0,0,0,0,0,0,0,,0,9,5,24,4.8,0,0,0,0,2,7.4,,181,
Ray-Ray McCloud\McClRa00,BUF,WR,10,1,0,0,0,0,0,2,4,2,0,6,5,36,7.2,0,2,1,0,2,7,,187,
C.J. Prosise\ProsC.00,SEA,RB,5,0,0,0,0,0,0,1,-3,-3,0,3,3,22,7.33,0,0,0,0,2,4.9,,136,
Brian Quick\QuicBr00,WAS,WR,6,3,0,0,0,0,0,0,0,,0,3,3,18,6,0,0,0,0,2,4.8,,188,
Keith Smith\SmitKe03,OAK,RB,16,3,0,0,0,0,0,1,0,0,0,6,5,23,4.6,0,0,0,0,2,7.3,,131,
Jonathan Stewart\StewJo00,NYG,RB,3,0,0,0,0,0,0,6,17,2.83,0,0,0,0,,0,0,0,0,2,1.7,,137,
Tyrone Swoopes\SwooTy00,SEA,TE,1,1,0,0,0,0,0,0,0,,0,1,1,23,23,0,0,0,0,2,3.3,,110,
De'Lance Turner\TurnDe01,BAL,RB,4,0,0,0,0,0,0,1,4,4,0,2,2,17,8.5,0,0,0,0,2,4.1,,133,
Malik Turner\TurnMa00,SEA,WR,6,0,0,0,0,0,0,0,0,,0,3,2,20,10,0,0,0,0,2,4,,186,
Brandon Wilds\WildBr01,JAX,RB,3,0,0,0,0,0,0,6,15,2.5,0,0,0,0,,0,0,0,0,2,1.5,,140,
Nick Williams\WillNi02,2TM,WR,4,0,0,0,0,0,0,0,0,,0,5,2,17,8.5,0,0,0,0,2,3.7,,191,
Terrance Williams\WillTe01,DAL,WR,3,2,0,0,0,0,0,0,0,,0,3,2,18,9,0,0,0,0,2,3.8,,189,
Brandon Zylstra\ZylsBr00,MIN,WR,16,0,0,0,0,0,0,0,0,,0,2,1,23,23,0,0,0,0,2,3.3,,183,
Ameer Abdullah\AbduAm00,2TM,RB,10,0,0,0,0,0,0,1,1,1,0,4,3,28,9.33,0,1,1,0,1,3.9,,147,
Victor Bolden\BoldVi00,2TM,WR,6,0,0,0,0,0,0,0,0,,0,4,1,10,10,0,0,0,0,1,2,,196,
Michael Burton\BurtMi00,CHI,RB,8,1,0,0,0,0,0,0,0,,0,1,1,6,6,0,0,0,0,1,1.6,,151,
Damiere Byrd\ByrdDa00,CAR,WR,8,0,0,0,0,0,0,0,0,,0,2,1,8,8,0,0,0,0,1,1.8,,200,
Jamaal Charles\CharJa00,JAX,RB,2,0,0,0,0,0,0,6,7,1.17,0,3,2,7,3.5,0,0,0,0,1,3.4,,142,
Sammie Coates\CoatSa00,HOU,WR,12,0,0,0,0,0,0,0,0,,0,2,1,12,12,0,0,0,0,1,2.2,,194,
Alan Cross\CrosAl00,TAM,TE,14,3,0,0,0,0,0,0,0,,0,5,2,9,4.5,0,0,0,0,1,2.9,,114,
Joshua Dobbs\DobbJo00,PIT,QB,5,0,6,12,43,0,1,4,11,2.75,0,0,0,0,,0,0,0,0,1,0.8,,63,
Ross Dwelley\DwelRo00,SFO,TE,11,0,0,0,0,0,0,0,0,,0,2,2,14,7,0,0,0,0,1,3.4,,112,
Matt Flanagan\FlanMa00,WAS,TE,3,1,0,0,0,0,0,0,0,,0,1,1,14,14,0,0,0,0,1,2.4,,111,
Robert Griffin\GrifRo01,BAL,QB,3,0,2,6,21,0,0,0,0,,0,0,0,0,,0,0,0,0,1,0.8,,62,
Justin Hardee\HardJu01,NOR,WR,16,0,0,0,0,0,0,0,0,,0,1,1,10,10,0,0,0,0,1,2,,195,
Keon Hatcher\HatcKe00,OAK,WR,3,0,0,0,0,0,0,0,0,,0,2,1,8,8,0,0,0,0,1,1.8,,199,
Chad Henne\HennCh01,KAN,QB,1,0,2,3,29,0,0,1,3,3,0,0,0,0,,0,0,0,0,1,1.5,,60,
Robert Kelley\KellRo00,WAS,RB,2,0,0,0,0,0,0,4,8,2,0,0,0,0,,0,0,0,0,1,0.8,,148,
Marcus Kemp\KempMa00,KAN,WR,16,0,0,0,0,0,0,0,0,,0,2,1,7,7,0,0,0,0,1,1.7,,202,
Jeremy Kerley\KerlJe00,BUF,WR,1,1,0,0,0,0,0,0,0,,0,4,2,7,3.5,0,0,0,0,1,2.7,,203,
Darvin Kidsy\KidsDa00,WAS,WR,2,0,0,0,0,0,0,0,0,,0,2,1,8,8,0,0,0,0,1,1.8,,198,
Allen Lazard\LazaAl00,GNB,WR,1,0,0,0,0,0,0,0,0,,0,1,1,7,7,0,0,0,0,1,1.7,,201,
Khari Lee\LeexKh00,BUF,TE,2,0,0,0,0,0,0,0,0,,0,1,1,5,5,0,0,0,0,1,1.5,,117,
Josh Malone\MaloJo00,CIN,WR,9,0,0,0,0,0,0,0,0,,0,5,1,12,12,0,0,0,0,1,2.2,,193,
J.D. McKissic\McKiJ.00,SEA,RB,5,0,0,0,0,0,0,3,8,2.67,0,1,0,0,,0,0,0,0,1,0.8,,149,
Jeremy McNichols\McNiJe00,2TM,RB,2,0,0,0,0,0,0,4,8,2,0,0,0,0,,0,0,0,0,1,0.8,,150,
Christine Michael\MichCh00,IND,RB,1,0,0,0,0,0,0,2,9,4.5,0,0,0,0,,0,0,0,0,1,0.9,,146,
Johnny Mundt\MundJo00,LAR,TE,10,0,0,0,0,0,0,0,0,,0,1,1,5,5,0,0,0,0,1,1.5,,118,
Jamize Olawale\OlawJa00,DAL,RB,16,4,0,0,0,0,0,0,0,,0,4,2,13,6.5,0,0,0,0,1,3.3,,143,
Ricky Ortiz\OrtiRi00,ATL,RB,12,9,0,0,0,0,0,0,0,,0,4,3,11,3.67,0,0,0,0,1,4.1,,145,
Cam Phillips\PhilCa01,BUF,WR,2,0,0,0,0,0,0,0,0,,0,1,1,9,9,0,0,0,0,1,1.9,,197,
Richard Rodgers\RodgRi00,PHI,TE,7,0,0,0,0,0,0,0,0,,0,1,1,7,7,0,0,0,0,1,1.7,,116,
Dion Sims\SimsDi00,CHI,TE,8,4,0,0,0,0,0,0,0,,0,4,2,9,4.5,0,0,0,0,1,2.9,,115,
Hakeem Valles\VallHa00,DET,TE,3,0,0,0,0,0,0,0,0,,0,3,2,11,5.5,0,0,0,0,1,3.1,,113,
Justin Watson\WatsJu01,TAM,WR,12,0,0,0,0,0,0,0,0,,0,3,1,5,5,0,0,0,0,1,1.5,,204,
Derek Watt\WattDe00,LAC,RB,16,5,0,0,0,0,0,4,11,2.75,0,1,1,2,2,0,0,0,0,1,2.3,,144,
Joe Webb\WebbJo00,HOU,QB,16,0,0,0,0,0,0,0,0,,0,3,2,13,6.5,0,0,0,0,1,3.3,,61,
Tim White\WhitTi00,BAL,WR,3,0,0,0,0,0,0,0,0,,0,1,1,14,14,0,1,0,0,1,2.4,,192,
Saeed Blacknall\BlacSa00,OAK,,1,0,0,0,0,0,0,0,0,,0,0,0,0,,0,0,0,0,,,,238,
Daniel Brown\BrowDa04,CHI,,14,0,0,0,0,0,0,0,0,,0,0,0,0,,0,0,0,0,,,,131,
Deante Burton\BurtDe00,2TM,,3,0,0,0,0,0,0,0,0,,0,0,0,0,,0,0,0,0,,,,239,
Jehu Chesson\ChesJe00,WAS,WR,12,0,0,0,0,0,0,1,-4,-4,0,2,1,7,7,0,0,0,0,,1.3,,205,
Lavon Coleman\ColeLa02,GNB,,1,0,0,0,0,0,0,0,0,,0,0,0,0,,0,0,0,0,,,,161,
Stacy Coley\ColeSt00,2TM,,3,0,0,0,0,0,0,0,0,,0,1,0,0,,0,1,0,0,,,,240,
Pharoh Cooper\CoopPh00,2TM,,7,0,0,0,0,0,0,0,0,,0,1,0,0,,0,1,0,0,,,,207,
Jerome Cunningham\CunnJe00,DET,,3,0,0,0,0,0,0,0,0,,0,1,0,0,,0,0,0,0,,,,119,
Darrell Daniels\DaniDa02,2TM,,11,3,0,0,0,0,0,0,0,,0,2,0,0,,0,0,0,0,,,,127,
Geremy Davis\DaviGe00,LAC,,14,0,0,0,0,0,0,0,0,,0,1,0,0,,0,0,0,0,,,,227,
Trevor Davis\DaviTr03,GNB,,2,0,0,0,0,0,0,0,0,,0,0,0,0,,0,0,0,0,,,,212,
Dalyn Dawkins\DawkDa01,TEN,,2,0,0,0,0,0,0,0,0,,0,0,0,0,,0,0,0,0,,,,164,
Matthew Dayes\DayeMa00,SFO,,7,0,0,0,0,0,0,0,0,,0,0,0,0,,0,0,0,0,,,,157,
Garrett Dickerson\DickGa00,NYG,,4,0,0,0,0,0,0,0,0,,0,0,0,0,,0,0,0,0,,,,120,
Quinton Dunbar\DunbQu00,WAS,,7,6,0,0,0,0,0,0,0,,0,0,0,0,,0,0,0,0,,,,208,
Steven Dunbar\DunbSt00,SFO,,1,0,0,0,0,0,0,0,0,,0,0,0,0,,0,0,0,0,,,,217,
Malachi Dupre\DuprMa01,ARI,,1,0,0,0,0,0,0,0,0,,0,0,0,0,,0,0,0,0,,,,215,
Trey Edmunds\EdmuTr00,PIT,,4,0,0,0,0,0,0,0,0,,0,0,0,0,,0,0,0,0,,,,154,
Alex Ellis\ElliAl01,KAN,,2,0,0,0,0,0,0,0,0,,0,0,0,0,,0,0,0,0,,,,123,
Donnie Ernsberger\ErnsDo00,TAM,,2,0,0,0,0,0,0,0,0,,0,0,0,0,,0,0,0,0,,,,128,
Isaiah Ford\FordIs00,MIA,,1,0,0,0,0,0,0,0,0,,0,1,0,0,,0,0,0,0,,,,228,
Daurice Fountain\FounDa00,IND,,1,0,0,0,0,0,0,0,0,,0,0,0,0,,0,0,0,0,,,,231,
Mose Frazier\FrazMo00,CAR,,1,0,0,0,0,0,0,0,0,,0,0,0,0,,0,0,0,0,,,,209,
Rico Gafford\GaffRi00,OAK,,1,0,0,0,0,0,0,0,0,,0,0,0,0,,0,0,0,0,,,,221,
C.J. Goodwin\GoodC.00,DAL,,3,0,0,0,0,0,0,0,0,,0,0,0,0,,0,0,0,0,,,,229,
Janarion Grant\GranJa01,BAL,,2,0,0,0,0,0,0,0,0,,0,0,0,0,,0,2,0,0,,,,237,
Garrett Griffin\GrifGa00,NOR,,0,0,0,0,0,0,0,0,0,,0,0,0,0,,0,0,0,0,,,,129,
Clark Harris\HarrCl20,CIN,,16,0,0,0,0,0,0,0,0,,0,0,0,0,,0,0,0,0,,,,132,
Temarrick Hemingway\HemiTe00,DEN,,5,0,0,0,0,0,0,0,0,,0,0,0,0,,0,0,0,0,,,,134,
De'Angelo Henderson\HendDe01,NYJ,RB,3,0,0,0,0,0,0,2,19,9.5,0,0,0,0,,0,1,1,0,,-0.1,,165,
Quadree Henderson\HendQu00,NYG,,5,0,0,0,0,0,0,0,0,,0,0,0,0,,0,0,0,0,,,,222,
Hunter Henry\HenrHu00,LAC,,0,0,0,0,0,0,0,0,0,,0,0,0,0,,0,0,0,0,,,,126,
Darrius Heyward-Bey\HeywDa00,PIT,WR,14,2,0,0,0,0,0,1,-7,-7,0,2,1,9,9,0,0,0,0,,1.2,,206,
Gabe Holmes\HolmGa00,ARI,,8,4,0,0,0,0,0,0,0,,0,0,0,0,,0,0,0,0,,,,135,
Johnny Holton\HoltJo00,OAK,,1,0,0,0,0,0,0,0,0,,0,1,0,0,,0,0,0,0,,,,230,
Buddy Howell\HoweBu00,HOU,,4,0,0,0,0,0,0,0,0,,0,0,0,0,,0,0,0,0,,,,156,
Gregory Howell\HoweGr00,HOU,,15,0,0,0,0,0,0,0,0,,0,0,0,0,,0,0,0,0,,,,158,
Chad Kelly\KellCh00,DEN,QB,1,0,0,0,0,0,0,1,-1,-1,0,0,0,0,,0,0,0,0,,-0.1,,69,
Ben Koyack\KoyaBe00,JAX,,7,2,0,0,0,0,0,0,0,,0,0,0,0,,0,0,0,0,,,,122,
Chris Lacy\LacyCh00,DET,,1,0,0,0,0,0,0,0,0,,0,1,0,0,,0,0,0,0,,,,219,
Lance Lenoir\LenoLa00,DAL,,7,0,0,0,0,0,0,0,0,,0,0,0,0,,0,0,0,0,,,,213,
Tony Lippett\LippTo00,NYG,,3,0,0,0,0,0,0,0,0,,0,0,0,0,,0,0,0,0,,,,210,
Sean Mannion\MannSe00,LAR,QB,3,0,2,3,23,0,0,7,-9,-1.29,0,0,0,0,,0,0,0,0,,,,67,
Bradley Marquez\MarqBr00,DET,,1,0,0,0,0,0,0,0,0,,0,0,0,0,,0,0,0,0,,,,211,
Freddie Martino\MartFr00,TAM,,4,0,0,0,0,0,0,0,0,,0,1,0,0,,0,0,0,0,,,,232,
A.J. McCarron\McCaA.00,OAK,QB,2,0,1,3,8,0,0,3,-2,-0.67,0,0,0,0,,0,1,0,0,,0.1,,65,
Max McCaffrey\McCaMa01,SFO,,1,0,0,0,0,0,0,0,0,,0,0,0,0,,0,0,0,0,,,,220,
Tanner McEvoy\McEvTa01,MIA,,2,0,0,0,0,0,0,0,0,,0,0,0,0,,0,0,0,0,,,,223,
Jaydon Mickens\MickJa01,JAX,,6,0,0,0,0,0,0,0,0,,0,0,0,0,,0,1,0,0,,,,224,
Steven Mitchell\MitcSt02,HOU,,1,0,0,0,0,0,0,0,0,,0,0,0,0,,0,0,0,0,,,,235,
Dare Ogunbowale\OgunDa00,TAM,,2,0,0,0,0,0,0,0,0,,0,0,0,0,,0,0,0,0,,,,162,
Senorise Perry\PerrSe00,MIA,,16,0,0,0,0,0,0,0,0,,0,0,0,0,,0,0,0,0,,,,155,
Thomas Rawls\RawlTh00,CIN,,1,0,0,0,0,0,0,0,0,,0,0,0,0,,0,0,0,0,,,,159,
Keenan Reynolds\ReynKe00,SEA,,2,0,0,0,0,0,0,0,0,,0,0,0,0,,0,0,0,0,,,,163,
Cooper Rush\RushCo00,DAL,,1,0,0,0,0,0,0,0,0,,0,0,0,0,,0,0,0,0,,,,68,
Alonzo Russell\RussAl01,NYG,,1,0,0,0,0,0,0,0,0,,0,0,0,0,,0,0,0,0,,,,236,
Mark Sanchez\SancMa00,WAS,QB,2,1,19,35,138,0,3,1,8,8,0,0,0,0,,0,1,0,0,,0.3,,64,
Matt Schaub\SchaMa00,ATL,QB,3,0,5,7,20,0,0,1,0,0,0,1,1,-7,-7,0,1,0,0,,1.1,,66,
Mason Schreck\SchrMa00,CIN,,6,0,0,0,0,0,0,0,0,,0,0,0,0,,0,0,0,0,,,,124,
Boston Scott\ScotBo02,PHI,,2,0,0,0,0,0,0,0,0,,0,0,0,0,,0,0,0,0,,,,160,
Da'Mari Scott\ScotDa02,BUF,,3,0,0,0,0,0,0,0,0,,0,0,0,0,,0,0,0,0,,,,233,
Cam Sims\SimsCa00,WAS,,1,0,0,0,0,0,0,0,0,,0,0,0,0,,0,0,0,0,,,,214,
Matthew Slater\SlatMa00,NWE,,16,0,0,0,0,0,0,0,0,,0,0,0,0,,0,0,0,0,,,,226,
Nate Solder\SoldNa00,NYG,,16,16,0,0,0,0,0,0,0,,0,0,0,0,,0,0,0,0,,,,121,
Brandon Tate\TateBr00,NOR,,1,0,0,0,0,0,0,0,0,,0,0,0,0,,0,1,0,0,,,,225,
Mike Thomas\ThomMi04,LAR,,1,0,0,0,0,0,0,0,0,,0,0,0,0,,0,0,0,0,,,,216,
Danny Vitale\VitaDa00,GNB,RB,5,0,0,0,0,0,0,0,0,,0,2,1,2,2,0,0,0,0,,1.2,,152,
Clive Walford\WalfCl00,NYJ,,1,1,0,0,0,0,0,0,0,,0,0,0,0,,0,0,0,0,,,,125,
Mike Wallace\WallMi00,PHI,,2,2,0,0,0,0,0,0,0,,0,3,0,0,,0,0,0,0,,,,218,
Brandon Weeden\WeedBr00,HOU,QB,1,0,0,0,0,0,0,1,-1,-1,0,0,0,0,,0,0,0,0,,-0.1,,70,
Markus Wheaton\WheaMa00,PHI,,1,0,0,0,0,0,0,0,0,,0,0,0,0,,0,0,0,0,,,,234,
Cole Wick\WickCo00,SFO,,5,0,0,0,0,0,0,0,0,,0,1,0,0,,0,0,0,0,,,,133,
Jonathan Williams\WillJo07,NOR,RB,3,0,0,0,0,0,0,3,0,0,0,1,1,1,1,0,0,0,0,,1.1,,153,
Deon Yelder\YeldDe00,KAN,,3,0,0,0,0,0,0,0,0,,0,0,0,0,,0,0,0,0,,,,130,
Jacoby Brissett\BrisJa00,IND,QB,4,0,2,4,2,0,0,7,-7,-1,0,0,0,0,,0,0,0,0,-1,-0.6,,72,
Brian Hoyer\HoyeBr00,NWE,QB,5,0,1,2,7,0,0,11,-8,-0.73,0,0,0,0,,0,0,0,0,-1,-0.5,,71,
J'Mon Moore\MoorJM00,GNB,WR,12,0,0,0,0,0,0,0,0,,0,3,2,15,7.5,0,1,1,0,-1,1.5,,241,
Geno Smith\SmitGe00,LAC,QB,5,0,1,4,8,0,0,8,2,0.25,0,0,0,0,,0,1,1,0,-1,-1.5,,73,
Rod Streater\StreRo00,CLE,WR,3,0,0,0,0,0,0,1,-11,-11,0,0,0,0,,0,0,0,0,-1,-1.1,,242,
Robert Turbin\TurbRo00,IND,RB,2,0,0,0,0,0,0,4,10,2.5,0,2,1,3,3,0,1,1,0,-1,0.3,,166,
Kaelin Clay\ClayKa00,NYG,,2,0,0,0,0,0,0,0,0,,0,0,0,0,,0,1,1,0,-2,-2,,246,
JJ Jones\JoneJJ00,2TM,WR,4,0,0,0,0,0,0,1,0,0,0,1,1,3,3,0,2,1,0,-2,-0.7,,243,
Kyle Lauletta\LaulKy00,NYG,QB,2,0,0,5,0,0,1,1,-2,-2,0,0,0,0,,0,0,0,0,-2,-2.2,,74,
Riley McCarron\McCaRi00,NWE,,1,0,0,0,0,0,0,0,0,,0,1,0,0,,0,1,1,0,-2,-2,,245,
Jojo Natson\NatsJo00,LAR,,13,0,0,0,0,0,0,0,0,,0,0,0,0,,0,2,1,0,-2,-2,,244,